Workbook
Name a: 'WELL TESTS'!$K$3:$K$13
Name ACTUALINJ: 'WATER FLOOD WELLS'!$I$5:$I$76
Name ACTUALTODAY: REPORT!$H$8:$H$18
Name ACTUALYESTERDAY: REPORT!$G$8:$G$18
Name API_RANGE: TEMPERATURE!$C$2:$BA$2
Name asd: 'WELL TESTS'!$C$3:$C$13
Name asdsad: 'WELL TESTS'!$C$3:$C$13
Name AUTOFILL01: 'WELL DATA'!$CW$4:$DS$147
Name AUTOFILL02: 'WATER FLOOD WELLS'!$AY$4:$BH$76
Name AUTOFILL03: 'WELL TESTS'!$AO$3:$BG$13
Name AUTOFILL04: 'WELL TESTS'!$L$3:$L$13
Name AUTOFILL05: 'WELL TESTS'!$N$3:$N$13
Name AUTOFILL06: 'DFL SHOTS'!$Z$3:$AJ$21
Name AUTOFILL07: 'DFL SHOTS'!$J$3:$J$21
Name AUTOFILL08: 'WELL DATA'!$G$4:$G$147
Name AUTOFILL09: 'WELL DATA'!$AN$4:$AN$147
Name AUTOFILL10: 'WATER FLOOD WELLS'!$O$3:$O$7
Name AUTOFILL11: 'WELL DATA'!$AI$4:$AI$147
Name AUTOFILL12: PROCESS!$AK$3:$AU$29
Name AUTOFILL12: 'EQUIPMENT DATA'!$AI$3:$AS$25
Name aw: 'WELL TESTS'!$M$3:$M$13
Name BFPD: 'WELL DATA'!$AK$4:$AK$147
Name BOPD: 'WELL DATA'!$AN:$AN
Name BSSTATUS: TANKS!$C$3:$C$6
Name BSW: 'WELL DATA'!$AM$4:$AM$147
Name CALC01: 'WELL DATA'!$CW$4:$DS$4
Name CALC02: 'WATER FLOOD WELLS'!$AY$4:$BH$4
Name CALC03: 'WELL TESTS'!#REF!
Name CALC04: 'WELL TESTS'!#REF!
Name CALC05: 'WELL TESTS'!#REF!
Name CALC06: 'DFL SHOTS'!$Z$3:$AJ$3
Name CALC07: 'LAB DATA'!$I$4
Name CALC08: 'WELL DATA'!$G$4
Name CALC09: 'WELL DATA'!$AN$4
Name CALC10: 'WATER FLOOD WELLS'!$O$3
Name CALC11: 'WELL DATA'!$AI$4
Name CALC12: PROCESS!$AK$3:$AU$3
Name CALC12: 'EQUIPMENT DATA'!$AI$3:$AS$3
Name CASING_STATUS: ADMIN!$P$49:$P$50
Name CHOKE: ADMIN!$N$3:$N$35
Name CLEAR013: 'DATA INPUT'!$E$3:$E$16
Name CLEARPF: REPORT!$N$13
Name CLEARRANGE01: REPORT!$B$61:$L$92
Name CLEARRANGE02: 'WELL TESTS'!$B$3:$K$13,'WELL TESTS'!$M$3:$M$13,'WELL TESTS'!$O$3:$V$13,'WELL TESTS'!$B$16:$K$24,'WELL TESTS'!$M$16:$M$24,'WELL TESTS'!$O$16:$W$24
Name CLEARRANGE03: 'WELL DATA'!$AP$147:$AP$147
Name CLEARRANGE04: 'DATA INPUT'!#REF!
Name CLEARRANGE04: 'DATA INPUT'!#REF!
Name CLEARRANGE04: 'DATA INPUT'!#REF!
Name CLEARRANGE05: 'LAB DATA'!$B$5:$J$15
Name CLEARRANGE05: 'DFL SHOTS'!$B$4:$M$21
Name CLEARRANGE06: PROCESS!$C$3:$J$29
Name CLEARRANGE06: 'EQUIPMENT DATA'!$D$3:$I$25
Name CLEARRANGE07: 'DATA INPUT'!$G$20:$I$61
Name CLEARRANGE08: 'DATA INPUT'!$E$72
Name CLEARRANGE09: PROCESS!$C$4:$J$29
Name CLEARRANGE09: 'EQUIPMENT DATA'!$D$4:$I$25
Name CLOSINGSTK: REPORT!$C$26:$E$26
Name COMMENT: REPORT!$B$92:$K$95
Name COPYRANGE01: #REF!
Name COPYRANGE02: #REF!

Sheet REPORT
B3: ="VERSION "&VERSION -> VERSION 1 | D3: KHALDA PETROLEUM COMPANY | J3: =+REPDATE -> 46285 | AU3: AVOCET TAG | AV3: DATE | AW3: PLANT | AX3: TYPE | AY3: METER NAME | AZ3: MT | BA3: LIQUID | BB3: Gas | CC3: Click this button to save the file to the X: drive (as FILE1,xls)
AU4: KHALDA_METER | AV4: =REPORTDATE-1 -> 46284 | AW4: 9RAZAAK OP | AX4: B | AY4: RZK OIL | AZ4: L | BA4: =M7 -> 5561.4687
D5: Production Day Ending @ 0600 Hours | AU5: KHALDA_METER | AV5: =REPORTDATE-1 -> 46284 | AW5: 9RAZAAK OP | AX5: B | AY5: RZK INJECTION | AZ5: L | BA5: ='WATER FLOOD WELLS'!I77 -> 49854.492
B6: RAZZAK PRODUCTION SUMMARY | D6: =REPDATE -> 46285 | M6: Production BBLs | N6: Actual BBLs | AU6: KHALDA_METER | AV6: =REPORTDATE-1 -> 46284 | AW6: 9AKIK-NE FLARE | AX6: B | AY6: AKIK-NE FLARE | AZ6: O | BB6: =+'WELL DATA'!AL18 -> 1.991
B7: FIELD NAME | C7: FLOWING WELLS | D7: NET PROD TODAY | E7: NET PROD YESTERDAY | F7: DELTA STB | G7: ACTUAL Yesterday | H7: Actual TODAY | I7: DELTA ACTUAL | K7: RZK PRODUCTION | M7: =H27 -> 5561.4687 | N7: ='DATA INPUT'!G10 -> 5567 | O7: =N7/M7 -> 1.0009946 | AU7: KHALDA_METER | AV7: =REPORTDATE-1 -> 46284 | AW7: 9NORTH RAS QATTARA | AX7: B | AY7: NORTH RAS QATTARA WATER INJ | AZ7: L | BA7: ='WATER FLOOD WELLS'!I78 -> 7680
B8: MAIN RAZZAK | C8: =IFERROR(IF(TDYPROD=0,0,COUNTIF(FIELD,"MAIN")),"") -> 25 | D8: =IFERROR(SUMIF(FIELD,"MAIN",EST_PROD)*OIL_PROFAC,"") -> 1704.9293 | E8: 1673.7059 | F8: =IF(D8="","",D8-E8) -> 31.223369 | G8: 1673.6101 | H8: =D8*RZKActual_Ratio -> 1706.625 | I8: =IF(H8="","",H8-G8) -> 33.014901 | K8: NRQ OIL PRODUCTION | M8: ='DATA INPUT'!E12 -> 494 | N8: ='DATA INPUT'!G12 -> 494 | AU8: KHALDA_METER | AV8: =REPORTDATE-1 -> 46284 | AW8: 9NWRZK FLARE | AX8: B | AY8: NWRZK FLARE | AZ8: O | BB8: =+'WELL DATA'!AL20+'WELL DATA'!AL22 -> 0
B9: EAST RAZZAK | C9: =IFERROR(IF(TDYPROD=0,0,COUNTIF(FIELD,"EAST")),"") -> 8 | D9: =IFERROR(SUMIF(FIELD,"EAST",EST_PROD)*OIL_PROFAC,"") -> 765.47758 | E9: 774.99049 | F9: =IF(D9="","",D9-E9) -> -9.5129158 | G9: 774.94612 | H9: =D9*RZKActual_Ratio -> 766.23891 | I9: =IF(H9="","",H9-G9) -> -8.7072081 | K9: NWRZK OIL PRODUCTION | M9: ='DATA INPUT'!E11 -> 122 | N9: ='DATA INPUT'!G11 -> 122 | AU9: KHALDA_METER | AV9: =REPORTDATE-1 -> 46284 | AW9: 9RZK Flare | AX9: B | AY9: RZK Flare | AZ9: O | BB9: =+L33 -> 0.79
B10: NORTH RAZZAK | C10: =IFERROR(IF(TDYPROD=0,0,COUNTIF(FIELD,"NORTH")),"") -> 9 | D10: =IFERROR(SUMIF(FIELD,"NORTH",EST_PROD)*OIL_PROFAC,"") -> 561.45326 | E10: 551.75737 | F10: =IF(D10="","",D10-E10) -> 9.6958946 | G10: 551.72577 | H10: =D10*RZKActual_Ratio -> 562.01167 | I10: =IF(H10="","",H10-G10) -> 10.285901 | K10: AKIK OIL PRODUCTION | M10: ='DATA INPUT'!E13 -> 243 | N10: ='DATA INPUT'!G13 -> 243
B11: WEST RAZZAK | C11: =IFERROR(IF(TDYPROD=0,0,COUNTIF(FIELD,"WEST")),"") -> 36 | D11: =IFERROR(SUMIF(FIELD,"WEST",EST_PROD)*OIL_PROFAC,"") -> 2529.6085 | E11: 2572.8654 | F11: =IF(D11="","",D11-E11) -> -43.256824 | G11: 2572.718 | H11: =D11*RZKActual_Ratio -> 2532.1245 | I11: =IF(H11="","",H11-G11) -> -40.593593 | K11: RAFIKI OIL PRODUCTION | M11: ='DATA INPUT'!E14 -> 118 | N11: ='DATA INPUT'!G14 -> 118
B12: TOTALS | C12: =IFERROR(SUM(C8:C11),"") -> 78 | D12: =IFERROR(SUM(D8:D11),"") -> 5561.4687 | E12: 5573.3191 | F12: =SUM(F8:F11) -> -11.850476 | G12: 5573 | H12: =IFERROR(SUM(H8:H11),"") -> 5567 | I12: =IF(H12="","",H12-G12) -> -6 | K12: NERZK OIL PRODUCTION | M12: ='DATA INPUT'!E15 -> 135 | N12: ='DATA INPUT'!G15 -> 135
B13: NWRZK | C13: =IFERROR(IF(TDYPROD=0,0,COUNTIF(FIELD,"NWRZK")),"") -> 1 | D13: =+'DATA INPUT'!E11 -> 122 | E13: 121 | F13: =IF(D13="","",D13-E13) -> 1 | G13: 121 | H13: =+N9 -> 122 | I13: =IF(H13="","",H13-G13) -> 1 | K13: FIELD | L13: ACTUAL | M13: REQUIRED | N13: DELTA
B14: NORTH RAS QATTARA | C14: =IFERROR(IF(TDYPROD=0,0,COUNTIF(FIELD,"NRQ")),"") -> 14 | D14: ='DATA INPUT'!E12 -> 494 | E14: 491 | F14: =IF(D14="","",D14-E14) -> 3 | G14: 491 | H14: =N8 -> 494 | I14: =IF(H14="","",H14-G14) -> 3 | K14: MRZK | L14: ='WATER FLOOD WELLS'!$I$99 -> 17523.292 | M14: ='WATER FLOOD WELLS'!$J$99 -> 19000 | N14: ='WATER FLOOD WELLS'!$K$99 -> -1476.7083
B15: AKIK-NE | C15: =IFERROR(IF(TDYPROD=0,0,COUNTIF(FIELD,"AKIK-NE")),"")+IFERROR(IF(TDYPROD=0,0,COUNTIF(FIELD,"Tanz")),"") -> 1 | D15: ='DATA INPUT'!E13 -> 243 | E15: 251 | F15: =IF(D15="","",D15-E15) -> -8 | G15: 251 | H15: =N10 -> 243 | I15: =IF(H15="","",H15-G15) -> -8 | K15: WRZK | L15: ='WATER FLOOD WELLS'!$I$100 -> 26151.2 | M15: ='WATER FLOOD WELLS'!$J$100 -> 28050 | N15: ='WATER FLOOD WELLS'!$K$100 -> -1898.8
B16: RAFIKI | C16: =IFERROR(IF(TDYPROD=0,0,COUNTIF(FIELD,"RAFIKI")),"") -> 1 | D16: ='DATA INPUT'!E14 -> 118 | E16: 119 | F16: =IF(D16="","",D16-E16) -> -1 | G16: 119 | H16: =N11 -> 118 | I16: =IF(H16="","",H16-G16) -> -1 | K16: ERZK | L16: ='WATER FLOOD WELLS'!$I$101 -> 6180 | M16: ='WATER FLOOD WELLS'!$J$101 -> 6700 | N16: ='WATER FLOOD WELLS'!$K$101 -> -520
B17: NERZK | C17: =IFERROR(IF(TDYPROD=0,0,COUNTIF(FIELD,"NERZK A")),"") -> 1 | D17: ='DATA INPUT'!E15 -> 135 | E17: 135 | F17: =IF(D17="","",D17-E17) -> 0 | G17: 135 | H17: =N12 -> 135 | I17: =IF(H17="","",H17-G17) -> 0 | K17: NRQ | L17: ='WATER FLOOD WELLS'!$I$102 -> 7680 | M17: ='WATER FLOOD WELLS'!$J$102 -> 10600 | N17: ='WATER FLOOD WELLS'!$K$102 -> -2920
B18: RAZZAK/NRQ/AKIK/RAFIKI/NWRZK TOTAL | C18: =SUM(C12:C17) -> 96 | D18: =SUM(D12:D17) -> 6673.4687 | E18: =SUM(E12:E17) -> 6690.3191 | F18: =IF(D18="","",D18-E18) -> -16.850476 | G18: 6690 | H18: =SUM(H12:H17) -> 6679 | I18: =IF(H18="","",H18-G18) -> -11 | K18: TOTAL | L18: =SUM(L14:L17) -> 57534.492 | M18: =SUM(M14:M17) -> 64350 | N18: =SUM(N14:N17) -> -6815.5083
B20: TANK SUMMARY | I20: TOP THREE DOWNTIME CAUSES | L20: bbl | AU20: RECORD | AV20: DATE | AW20: Tank Name | AX20: Tank Status | AY20: Open Stock (STB) | AZ20: Closing Stock (STB) | BA20: API (°) | BB20: BS&W (%) | BC20: SC (PTB) | BD20: Pour Point (°F) | BE20: Temperature (°F) | BF20: Shipment (Tickets) | BG20: Free Water Volume BBLs
B21: ITEM | C21: TANK 201 | E21: TANK 202 | G21: TOTALS | H21: TOTALS WITHOUT EPF'S | I21: =IF(L21="","",VLOOKUP(REPORT!L21,ADMIN!B3:G121,6,FALSE)) -> Generator (Planned) | L21: =IF(M7=0,0,MAX(ADMIN!B3:G121)) -> 48.533168
B22: Tank Status | C22: Shipping | E22: Production | I22: =IF(L22=0,"",VLOOKUP(REPORT!L22,ADMIN!B3:G121,6,FALSE)) -> Flowline Failure | L22: =IF(M7=0,0,LARGE(ADMIN!B3:G121,2)) -> 13.30325 | AU22: KPC_TANKSLVL | AV22: =REPORTDATE-1 -> 46284 | AW22: TANK 201 | AX22: =C22 -> Shipping | AY22: =C23 -> 8731.1846 | AZ22: =C26 -> 14353.68 | BA22: =C29 -> 33.1 | BB22: =C30 -> 0 | BC22: =C31 -> 0 | BE22: =C28 -> 110
B23: Opening Stock | C23: =IFERROR(TANKS!E3,"") -> 8731.1846 | E23: =IFERROR(TANKS!E5,"") -> 14100.068 | G23: =SUM(OPENINGSTK) -> 22831.253 | H23: =SUM(OPENINGSTK) -> 22831.253 | I23: =IF(L23=0,"",VLOOKUP(REPORT!L23,ADMIN!B3:G121,6,FALSE)) -> Generator (Unplanned) | L23: =IF(M7=0,0,LARGE(ADMIN!B3:G121,3)) -> 12.333708 | AU23: KPC_TANKSLVL | AV23: =REPORTDATE-1 -> 46284 | AW23: TANK 202 | AX23: =E22 -> Production | AY23: =E23 -> 14100.068 | AZ23: =E26 -> 8550.0415 | BA23: =E29 -> 33.1 | BB23: =E30 -> 0 | BC23: =E31 -> 0 | BE23: =E28 -> 62 | BF23: m
B24: Net Pumped | C24: =IFERROR(TANKS!M3,"") -> 0 | E24: =IFERROR(TANKS!M5,"") -> 6677 | G24: =SUM(SHIPPED) -> 6677 | H24: =SUM(SHIPPED)-('DATA INPUT'!E5+'DATA INPUT'!E6+'DATA INPUT'!E7+'DATA INPUT'!E8+'DATA INPUT'!E9) -> 5489 | I24: LIQUIDS INVENTORY
B25: Water Drained | C25: =IFERROR(TANKS!N3,"") -> 0 | E25: =IFERROR(TANKS!N5,"") -> 65 | G25: =SUM(WATERDRAIN) -> 65 | H25: =SUM(WATERDRAIN) -> 65 | I25: Oil Stock - Today | K25: =IFERROR(G26,"") -> 22903.721 | L25: BBLS
B26: Closing Stock | C26: =IFERROR(TANKS!E4,"") -> 14353.68 | E26: =IFERROR(TANKS!E6,"") -> 8550.0415 | G26: =SUM(CLOSINGSTK) -> 22903.721 | H26: =SUM(CLOSINGSTK) -> 22903.721 | I26: Oil Stock - Yesterday | K26: =G23 -> 22831.253 | L26: BBLS
E27: PRODUCTION | G27: =IFERROR(IF((G26+G24-G23)<0,G25*-1,(G26+G24-G23)),0) -> 6749.4687 | H27: =IFERROR(IF((H26+H24-H23)<0,H25*-1,(H26+H24-H23)),0) -> 5561.4687 | I27: TOTAL SHIPPED OIL | K27: =TOTPUMPED -> 6677 | L27: BBL
B28: Temperature (°F) | C28: ='DATA INPUT'!E22 -> 110 | E28: ='DATA INPUT'!E31 -> 62 | I28: FLOW STATUS | J28: WELLS | K28: STATUS | L28: WELLS
B29: API gravity (DEG) | C29: ='DATA INPUT'!E24 -> 33.1 | E29: ='DATA INPUT'!E32 -> 33.1 | I29: NF | J29: =COUNTIF(STATUS,"NF") -> 2 | K29: GL | L29: =COUNTIF(STATUS,"GL") -> 0
B30: BS&W (%) | C30: ='DATA INPUT'!E25 -> 0 | E30: ='DATA INPUT'!E33 -> 0 | I30: ESP | J30: =COUNTIF(STATUS,"ESP") -> 70 | K30: WIW | L30: =COUNTIF(INJSTAUS,"INJ") -> 50
B31: Salt (PTB) | C31: ='DATA INPUT'!E26 -> 0 | E31: ='DATA INPUT'!E34 -> 0 | I31: SRP | J31: =COUNTIF(STATUS,"SRP") -> 20 | K31: WSW | L31: =COUNTIF(WSWSTAUS,"ESP") -> 10 | AU31: RECORD | AV31: DATE | AW31: Tank Name | AX31: Open Stock (STB) | AY31: Closing Stock (STB) | AZ31: Shipment (Tickets) | BA31: T_DIS_TYPE | BB31: DESTENATION
I32: PCP | J32: =COUNTIF(STATUS,"PCP") -> 4 | K32: Flared Gas, MMSCFD
I33: TOTAL WELLS | J33: =SUM(J29:J32)+L29 -> 96 | K33: RZK Amount, MMSCFD | L33: 0.79
B34: DEFERRED PRODUCTION (Due to Operational Activities) | K34: NRQ Amount, MMSCFD | AU34: KPC_TANKSTCTK
B35: WELL NAME | C35: DT | D35: COMMENTS | L35: BBLS
B36: NRZK-(02, 21ST), WRZK-167 | C36: 0 | D36: Back online 24 Hrs after Generator (Planned) | L36: 27
B37: MRZK-(76,07,186), NRZK-11 | C37: 2 | D37: Generator (Planned) | L37: -32
B38: MRZK-(97,75), NRZK-18ST, WRZK-(192,193,194,148,169) | C38: 1 | D38: Generator (Planned) | L38: -11
B39: WRZK-190 | C39: 7 | D39: Generator (unplanned) & Adjust valve lash and replaced corroded section at mini manifold. | L39: -12
B40: WRZK-(55,119) | C40: 2 | D40: Replaced corroded section at mini manifold. | L40: -13
B41: WRZK-41 | C41: 2 | D41: Generator (Planned) & Replaced corroded section at mini manifold. | L41: -6
B42: MRZK-29 | C42: 0 | D42: Opened after PBU | L42: 58
B45: RZK PROD. WELLS | D45: Wells & Lines Performance. ERZK-163: Updated test (-6 BO) | L45: =IF($D$12=0,"",($F$12-SUM(L36:L44))) -> -22.850476
B54: NWRZK | D54: Tank dipping today 122 BOPD Yest. 121 BOPD Tank dipping (diff = +1 bbls).
B55: NRQ TANK DIPPING | D55: Tanks dipping today 494 BOPD Yest. 491 BOPD Tank dipping (diff= +3 bbls).
B56: AKIK-NE01 | D56: Tank dipping today 243 BOPD Yest. 251 BOPD Tank dipping (diff = -8 bbls).
B57: RAFIKI-01 | D57: Tank dipping today 118 BOPD Yest. 119 BOPD Tank dipping (diff = -1 bbls).
B58: NERZK-A01X RPF | D58: Tank dipping today 135 BOPD Yest. 135 BOPD Tank dipping (diff = 0 bbls).
B59: OPERATIONS COMMENTS | J59: SUB TOTAL | L59: =SUM(L36:L58) -> -11.850476
B60: ITEM | D60: COMMENTS
B61: RZK Ambient Temperature | D61: Max 84 °F @ 04:00 PM and Min 62 °F @ 06:00 AM.
B62: ALMANSOORI MTU-07 | D62: Comp. Test MRZK-76 & ERZK-163 ; Plan to test WRZK-49,40
B63: SAPESCO DH BATCH | D63: Performed DH Batch Treatment by SAPESCO Truck for WRZK-(46,190,170,71,43,56,59) & MRZK-212 Plan to cont. for WRZK-(55-193-139-82-167-66-42-40-168).
B64: RZK WF | D64: MRZK-45 WSW: D/T 1.5 hrs. due to Generator (planned) WRZK-116 WIW: Isolated to prevent water leak F/ CV flange, Plan to replace same.
B65: Shipping Trucks | D65: RZK Offloading: (6 Oil Trucks): 0-NRQ-12X, 1-RAFIKI, 2-NRQ-2551, 1-LADICE, 1-AKIK, 1-NERZK-A01X RZK Water Disposal Pond: (23 Water Trucks): 16-RAFIKI, 4-AKIK, 3-LADICE.
B66: WRZK-41 Mini-MFLD | D66: Replaced corroded section at mini manifold (WRZK-41, 55, 190, 119).
B67: WRZK-169 F/L | D67: Fixed F/L leak by re-tightening existing standard clamp
B68: Intermittent well | D68: MRZK-29:Opened after PBU
B90: Shipping Specs | D90: Salt 10 PTB / W.C 0.1 %.
B92: Ibrahim Said | I92: Hamada Mohamed
B319: DEFAULT DATE | C319: =VLOOKUP(DAY(INT(NOW()+1)),REPORTDAY,2)&"-"&VLOOKUP(MONTH(INT(NOW()+1)),RPTMONTH,2)&"-"&RIGHT(YEAR(INT(NOW()+1)),2) -> 22-SEP-26 | F319: Lookup table for date string determination | H319: Lookup table for date string determination | I319: Lookup table for date string determination
B320: USER SELECTED DATE | C320: 46285
B321: REPORT NAME | C321: RAZZAK OIL REPORT
B322: LOCAL PATH | C322: C:\MORNING REPORT\ | F322: 1 | G322: JAN | H322: 1 | I322: 01
B323: NEW REPORT NAME | C323: =ReportName&" "&VLOOKUP(DAY(REPDATE),REPORTDAY,2)&"-"&VLOOKUP(MONTH(REPDATE),RPTMONTH,2)&"-"&RIGHT(YEAR(REPDATE),2)&",xls" -> RAZZAK OIL REPORT 20-SEP-26,xls | F323: 2 | G323: FEB | H323: 2 | I323: 02
F324: 3 | G324: MAR | H324: 3 | I324: 03
F325: 4 | G325: APR | H325: 4 | I325: 04
F326: 5 | G326: MAY | H326: 5 | I326: 05
F327: 6 | G327: JUN | H327: 6 | I327: 06
F328: 7 | G328: JUL | H328: 7 | I328: 07
F329: 8 | G329: AUG | H329: 8 | I329: 08
F330: 9 | G330: SEP | H330: 9 | I330: 09
F331: 10 | G331: OCT | H331: 10 | I331: 10
F332: 11 | G332: NOV | H332: 11 | I332: 11
F333: 12 | G333: DEC | H333: 12 | I333: 12
H334: 13 | I334: 13
H335: 14 | I335: 14
H336: 15 | I336: 15
H337: 16 | I337: 16
H338: 17 | I338: 17
H339: 18 | I339: 18
H340: 19 | I340: 19
H341: 20 | I341: 20
H342: 21 | I342: 21
H343: 22 | I343: 22
H344: 23 | I344: 23
H345: 24 | I345: 24
... H352: 31 | I352: 31

Sheet WELL TESTS
B1: WELL TESTS | AT1: =COUNTIF(DATATAG,"KHALDA_WELLTEST1") -> 3 | AV1: ="AO3"&":"&"BF"&COUNTIF(DATATAG,"<>0")+5 -> AO3:BF8
B2: TEST FACILITY | C2: WELL NAME | D2: ZONE | E2: STATUS | F2: CHOKE 64" | G2: WHP PSI | H2: WHT °F | I2: SEP PSI | J2: BFPD STB | K2: BS&W % | L2: BOPD STB | M2: GAS MMSCF | N2: GOR scf/bbl | O2: HRS ON TEST | P2: DFL | Q2: NLAP | R2: PIP | S2: FREQUENCY | T2: CSG PSI | U2: CSG STATUS | V2: CL, PPM | W2: COMMENTS | X2: TYPE | AO2: RECORD | AP2: DATE | AQ2: WELL | AR2: WELL | AS2: HOURS | AT2: TYPE | AU2: BFPD | AV2: GAS | AW2: CHOKE | AX2: WHP | AY2: WHT | AZ2: SEP | BA2: DFL | BB2: NLAP | BC2: BSW | BD2: PIP | BE2: FREQUENCY | BF2: LIQ TYPE | BG2: GAS LIFT | BH2: CL, PPM
B3: MTU-07 | C3: MRZK-76 | D3: BAH | E3: ESP | F3: SPOOL | G3: 100 | H3: 152 | I3: 88 | J3: 1180 | K3: 91.94 | L3: =IF(WELLNAME="","",(FLUIDTOTAL*(1-(WC/100)))) -> 95.108 | N3: =IF(ISNUMBER(M3),(M3*10^6)/L3,"") | O3: 9.5 | R3: 881 | S3: 59 | T3: N/A | U3: OP/P | V3: 64000 | W3: W.C F/ (MTU 91.94 %, LAB 91.9 %, WHS 92 %). AMP= 26.5-26.7, HZ= 59, H2S= 0 PPM, CO2= 1 %, API= 29.1, CL= 64 KPPM, MF= 0.94, PIP= 881 PSI. | AN3: 9 | AO3: =IF(C2="",0,"KHALDA_WELLTEST1") -> KHALDA_WELLTEST1 | AP3: =IF(AO3="","",REPORTDATE-1) -> 46284 | AQ3: =UPPER(IF(AO3="","",$AN$3&C3)) -> 9MRZK-76 | AR3: =UPPER(IF(AO3="","",$AN$3&C3)) -> 9MRZK-76 | AS3: =IF(AO3="","",O3) -> 9.5 | AT3: =IF(AO3=0,"",X3) -> 0 | AU3: =IF(AO3="","",J3) -> 1180 | AV3: =IF(AO3="","",M3*1000) -> 0 | AW3: =IF(AO3="","",F3) -> SPOOL | AX3: =IF(AO3="","",G3) -> 100 | AY3: =IF(AO3="","",H3) -> 152 | AZ3: =IF(AO3="","",I3) -> 88 | BA3: =IF(AO3="","",P3) -> 0 | BB3: =IF(AO3="","",Q3) -> 0 | BC3: =IF(AO3="","",K3) -> 91.94 | BF3: =IF(AO3=0,"",200) -> 200 | BH3: =IF(AO3="","",V3) -> 64000
B4: MTU-07 | C4: ERZK-163 | D4: UBAH | E4: ESP | F4: OPEN | G4: 170 | H4: 149 | I4: 156 | J4: 1039 | K4: 92.25 | L4: =IF(WELLNAME="","",(FLUIDTOTAL*(1-(WC/100)))) -> 80.5225 | N4: =IF(ISNUMBER(M4),(M4*10^6)/L4,"") | O4: 5.5 | R4: 779 | S4: 55 | T4: 0 | U4: OP/F | V4: 70000 | W4: W.C F/ (MTU 92.25 %, LAB 88.65 %, WHS 89.2 %). AMP= 23.3-23.4, HZ= 55, H2S= 4 PPM, CO2= 1 %, API= 30.7, CL= 70 KPPM, MF= 0.95, PIP= 779 PSI. | AO4: =IF(C3="",0,"KHALDA_WELLTEST1") -> KHALDA_WELLTEST1 | AP4: =IF(AO4="","",REPORTDATE-1) -> 46284 | AQ4: =UPPER(IF(AO4="","",$AN$3&C4)) -> 9ERZK-163 | AR4: =UPPER(IF(AO4="","",$AN$3&C4)) -> 9ERZK-163 | AS4: =IF(AO4="","",O4) -> 5.5 | AT4: =IF(AO4=0,"",X4) -> 0 | AU4: =IF(AO4="","",J4) -> 1039 | AV4: =IF(AO4="","",M4*1000) -> 0 | AW4: =IF(AO4="","",F4) -> OPEN | AX4: =IF(AO4="","",G4) -> 170 | AY4: =IF(AO4="","",H4) -> 149 | AZ4: =IF(AO4="","",I4) -> 156 | BA4: =IF(AO4="","",P4) -> 0 | BB4: =IF(AO4="","",Q4) -> 0 | BC4: =IF(AO4="","",K4) -> 92.25 | BF4: =IF(AO4=0,"",200) -> 200 | BH4: =IF(AO4="","",V4) -> 70000
L5: =IF(WELLNAME="","",(FLUIDTOTAL*(1-(WC/100)))) | N5: =IF(ISNUMBER(M5),(M5*10^6)/L5,"") | AO5: =IF(C4="",0,"KHALDA_WELLTEST1") -> KHALDA_WELLTEST1 | AP5: =IF(AO5="","",REPORTDATE-1) -> 46284 | AQ5: =UPPER(IF(AO5="","",$AN$3&C5)) -> 9 | AR5: =UPPER(IF(AO5="","",$AN$3&C5)) -> 9 | AS5: =IF(AO5="","",O5) -> 0 | AT5: =IF(AO5=0,"",X5) -> 0 | AU5: =IF(AO5="","",J5) -> 0 | AV5: =IF(AO5="","",M5*1000) -> 0 | AW5: =IF(AO5="","",F5) -> 0 | AX5: =IF(AO5="","",G5) -> 0 | AY5: =IF(AO5="","",H5) -> 0 | AZ5: =IF(AO5="","",I5) -> 0 | BA5: =IF(AO5="","",P5) -> 0 | BB5: =IF(AO5="","",Q5) -> 0 | BC5: =IF(AO5="","",K5) -> 0 | BF5: =IF(AO5=0,"",200) -> 200 | BH5: =IF(AO5="","",V5) -> 0
L6: =IF(WELLNAME="","",(FLUIDTOTAL*(1-(WC/100)))) | N6: =IF(ISNUMBER(M6),(M6*10^6)/L6,"") | AO6: =IF(C5="",0,"KHALDA_WELLTEST1") -> 0 | AP6: =IF(AO6="","",REPORTDATE-1) -> 46284 | AQ6: =UPPER(IF(AO6="","",$AN$3&C6)) -> 9 | AR6: =UPPER(IF(AO6="","",$AN$3&C6)) -> 9 | AS6: =IF(AO6="","",O6) -> 0 | AT6: =IF(AO6=0,"",X6) | AU6: =IF(AO6="","",J6) -> 0 | AV6: =IF(AO6="","",M6*1000) -> 0 | AW6: =IF(AO6="","",F6) -> 0 | AX6: =IF(AO6="","",G6) -> 0 | AY6: =IF(AO6="","",H6) -> 0 | AZ6: =IF(AO6="","",I6) -> 0 | BA6: =IF(AO6="","",P6) -> 0 | BB6: =IF(AO6="","",Q6) -> 0 | BC6: =IF(AO6="","",K6) -> 0 | BF6: =IF(AO6=0,"",200) | BH6: =IF(AO6="","",V6) -> 0
L7: =IF(WELLNAME="","",(FLUIDTOTAL*(1-(WC/100)))) | N7: =IF(ISNUMBER(M7),(M7*10^6)/L7,"") | AO7: =IF(C6="",0,"KHALDA_WELLTEST1") -> 0 | AP7: =IF(AO7="","",REPORTDATE-1) -> 46284 | AQ7: =UPPER(IF(AO7="","",$AN$3&C7)) -> 9 | AR7: =UPPER(IF(AO7="","",$AN$3&C7)) -> 9 | AS7: =IF(AO7="","",O7) -> 0 | AT7: =IF(AO7=0,"",X7) | AU7: =IF(AO7="","",J7) -> 0 | AV7: =IF(AO7="","",M7*1000) -> 0 | AW7: =IF(AO7="","",F7) -> 0 | AX7: =IF(AO7="","",G7) -> 0 | AY7: =IF(AO7="","",H7) -> 0 | AZ7: =IF(AO7="","",I7) -> 0 | BA7: =IF(AO7="","",P7) -> 0 | BB7: =IF(AO7="","",Q7) -> 0 | BC7: =IF(AO7="","",K7) -> 0 | BF7: =IF(AO7=0,"",200) | BH7: =IF(AO7="","",V7) -> 0
L8: =IF(WELLNAME="","",(FLUIDTOTAL*(1-(WC/100)))) | N8: =IF(ISNUMBER(M8),(M8*10^6)/L8,"") | AO8: =IF(C7="",0,"KHALDA_WELLTEST1") -> 0 | AP8: =IF(AO8="","",REPORTDATE-1) -> 46284 | AQ8: =UPPER(IF(AO8="","",$AN$3&C8)) -> 9 | AR8: =UPPER(IF(AO8="","",$AN$3&C8)) -> 9 | AS8: =IF(AO8="","",O8) -> 0 | AT8: =IF(AO8=0,"",X8) | AU8: =IF(AO8="","",J8) -> 0 | AV8: =IF(AO8="","",M8*1000) -> 0 | AW8: =IF(AO8="","",F8) -> 0 | AX8: =IF(AO8="","",G8) -> 0 | AY8: =IF(AO8="","",H8) -> 0 | AZ8: =IF(AO8="","",I8) -> 0 | BA8: =IF(AO8="","",P8) -> 0 | BB8: =IF(AO8="","",Q8) -> 0 | BC8: =IF(AO8="","",K8) -> 0 | BF8: =IF(AO8=0,"",200) | BH8: =IF(AO8="","",V8) -> 0
L9: =IF(WELLNAME="","",(FLUIDTOTAL*(1-(WC/100)))) | N9: =IF(ISNUMBER(M9),(M9*10^6)/L9,"") | AO9: =IF(C8="",0,"KHALDA_WELLTEST1") -> 0 | AP9: =IF(AO9="","",REPORTDATE-1) -> 46284 | AQ9: =UPPER(IF(AO9="","",$AN$3&C9)) -> 9 | AR9: =UPPER(IF(AO9="","",$AN$3&C9)) -> 9 | AS9: =IF(AO9="","",O9) -> 0 | AT9: =IF(AO9=0,"",X9) | AU9: =IF(AO9="","",J9) -> 0 | AV9: =IF(AO9="","",M9*1000) -> 0 | AW9: =IF(AO9="","",F9) -> 0 | AX9: =IF(AO9="","",G9) -> 0 | AY9: =IF(AO9="","",H9) -> 0 | AZ9: =IF(AO9="","",I9) -> 0 | BA9: =IF(AO9="","",P9) -> 0 | BB9: =IF(AO9="","",Q9) -> 0 | BC9: =IF(AO9="","",K9) -> 0 | BF9: =IF(AO9=0,"",200) | BH9: =IF(AO9="","",V9) -> 0
L10: =IF(WELLNAME="","",(FLUIDTOTAL*(1-(WC/100)))) | N10: =IF(ISNUMBER(M10),(M10*10^6)/L10,"") | AO10: =IF(C9="",0,"KHALDA_WELLTEST1") -> 0 | AP10: =IF(AO10="","",REPORTDATE-1) -> 46284 | AQ10: =UPPER(IF(AO10="","",$AN$3&C10)) -> 9 | AR10: =UPPER(IF(AO10="","",$AN$3&C10)) -> 9 | AS10: =IF(AO10="","",O10) -> 0 | AT10: =IF(AO10=0,"",X10) | AU10: =IF(AO10="","",J10) -> 0 | AV10: =IF(AO10="","",M10*1000) -> 0 | AW10: =IF(AO10="","",F10) -> 0 | AX10: =IF(AO10="","",G10) -> 0 | AY10: =IF(AO10="","",H10) -> 0 | AZ10: =IF(AO10="","",I10) -> 0 | BA10: =IF(AO10="","",P10) -> 0 | BB10: =IF(AO10="","",Q10) -> 0 | BC10: =IF(AO10="","",K10) -> 0 | BF10: =IF(AO10=0,"",200) | BH10: =IF(AO10="","",V10) -> 0
L11: =IF(WELLNAME="","",(FLUIDTOTAL*(1-(WC/100)))) | N11: =IF(ISNUMBER(M11),(M11*10^6)/L11,"") | AO11: =IF(C10="",0,"KHALDA_WELLTEST1") -> 0 | AP11: =IF(AO11="","",REPORTDATE-1) -> 46284 | AQ11: =UPPER(IF(AO11="","",$AN$3&C11)) -> 9 | AR11: =UPPER(IF(AO11="","",$AN$3&C11)) -> 9 | AS11: =IF(AO11="","",O11) -> 0 | AT11: =IF(AO11=0,"",X11) | AU11: =IF(AO11="","",J11) -> 0 | AV11: =IF(AO11="","",M11*1000) -> 0 | AW11: =IF(AO11="","",F11) -> 0 | AX11: =IF(AO11="","",G11) -> 0 | AY11: =IF(AO11="","",H11) -> 0 | AZ11: =IF(AO11="","",I11) -> 0 | BA11: =IF(AO11="","",P11) -> 0 | BB11: =IF(AO11="","",Q11) -> 0 | BC11: =IF(AO11="","",K11) -> 0 | BF11: =IF(AO11=0,"",200) | BH11: =IF(AO11="","",V11) -> 0
L12: =IF(WELLNAME="","",(FLUIDTOTAL*(1-(WC/100)))) | N12: =IF(ISNUMBER(M12),(M12*10^6)/L12,"") | AO12: =IF(C11="",0,"KHALDA_WELLTEST1") -> 0 | AP12: =IF(AO12="","",REPORTDATE-1) -> 46284 | AQ12: =UPPER(IF(AO12="","",$AN$3&C12)) -> 9 | AR12: =UPPER(IF(AO12="","",$AN$3&C12)) -> 9 | AS12: =IF(AO12="","",O12) -> 0 | AT12: =IF(AO12=0,"",X12) | AU12: =IF(AO12="","",J12) -> 0 | AV12: =IF(AO12="","",M12*1000) -> 0 | AW12: =IF(AO12="","",F12) -> 0 | AX12: =IF(AO12="","",G12) -> 0 | AY12: =IF(AO12="","",H12) -> 0 | AZ12: =IF(AO12="","",I12) -> 0 | BA12: =IF(AO12="","",P12) -> 0 | BB12: =IF(AO12="","",Q12) -> 0 | BC12: =IF(AO12="","",K12) -> 0 | BF12: =IF(AO12=0,"",200) | BH12: =IF(AO12="","",V12) -> 0
L13: =IF(WELLNAME="","",(FLUIDTOTAL*(1-(WC/100)))) | N13: =IF(ISNUMBER(M13),(M13*10^6)/L13,"") | AO13: =IF(C12="",0,"KHALDA_WELLTEST1") -> 0 | AP13: =IF(AO13="","",REPORTDATE-1) -> 46284 | AQ13: =UPPER(IF(AO13="","",$AN$3&C13)) -> 9 | AR13: =UPPER(IF(AO13="","",$AN$3&C13)) -> 9 | AS13: =IF(AO13="","",O13) -> 0 | AT13: =IF(AO13=0,"",X13) | AU13: =IF(AO13="","",J13) -> 0 | AV13: =IF(AO13="","",M13*1000) -> 0 | AW13: =IF(AO13="","",F13) -> 0 | AX13: =IF(AO13="","",G13) -> 0 | AY13: =IF(AO13="","",H13) -> 0 | AZ13: =IF(AO13="","",I13) -> 0 | BA13: =IF(AO13="","",P13) -> 0 | BB13: =IF(AO13="","",Q13) -> 0 | BC13: =IF(AO13="","",K13) -> 0 | BF13: =IF(AO13=0,"",200) | BH13: =IF(AO13="","",V13) -> 0
B14: PREVIOUS WELL TEST | AT14: =IF(AO14=0,"",X14) | AY14: =IF(AO14="","",H14) | BH14: =IF(AO14="","",V14)
B15: TEST FACILITY | C15: WELL NAME | D15: ZONE | E15: STATUS | F15: CHOKE 64" | G15: WHP PSI | H15: WHT °F | I15: SEP PSI | J15: BFPD STB | K15: BS&W % | L15: BOPD STB | M15: GAS MMSCF | N15: GOR scf/bbl | O15: HRS ON TEST | P15: DFL | Q15: NLAP | T15: CSG PSI | U15: CSG STATUS | V15: TEST DATE | W15: COMMENTS | AT15: =IF(AO15=0,"",X15) | AY15: =IF(AO15="","",H15) | BH15: =IF(AO15="","",V15)
B16: MTU-07 | C16: MRZK-76 | D16: BAH | E16: ESP | F16: SPOOL | G16: 110 | H16: 149 | I16: 91 | J16: 1146 | K16: 92 | L16: =J16*(1-K16/100) -> 91.68 | O16: 7 | R16: 888 | S16: 59 | T16: N/A | U16: OP/P | V16: 46269 | W16: W.C F/ (MTU 92 %, LAB 91.7 %, WHS 90.5 %). AMP= 26.6-26.7, HZ= 59, H2S= 0 PPM, CO2= 1 %, API= 29.1, CL= 64 KPPM, MF= 0.94, PIP= 888 PSI. | AO16: =IF(C16="",0,"KHALDA_WELLTEST1") -> KHALDA_WELLTEST1 | AP16: =IF(AO16="","",REPORTDATE-1) -> 46284 | AQ16: =UPPER(IF(AO16="","",$AN$3&C16)) -> 9MRZK-76 | AR16: =UPPER(IF(AO16="","",$AN$3&C16)) -> 9MRZK-76 | AS16: =IF(AO16="","",#REF!) -> #REF! | AT16: =IF(AO16=0,"",X16) -> 0 | AU16: =IF(AO16="","",J16) -> 1146 | AV16: =IF(AO16="","",N16*1000) -> #VALUE! | AW16: =IF(AO16="","",E16) -> ESP | AX16: =IF(AO16="","",G16) -> 110 | AY16: =IF(AO16="","",H16) -> 149 | AZ16: =IF(AO16="","",I16) -> 91 | BA16: =IF(AO16="","",P16) -> 0 | BB16: =IF(AO16="","",Q16) -> 0 | BC16: =IF(AO16="","",K16) -> 92 | BF16: =IF(AO16=0,"",200) -> 200 | BH16: =IF(AO16="","",V16) -> 46269
B17: MTU-07 | C17: ERZK-163 | D17: UBAH | E17: ESP | F17: OPEN | G17: 170 | H17: 145 | I17: 155 | J17: 1032 | K17: 91.6 | L17: =J17*(1-K17/100) -> 86.688 | O17: 7 | R17: 790 | S17: 55 | T17: 0 | U17: CL | V17: 46226 | W17: W.C F/ (MTU 91.6 %, LAB 90.2 %, WHS 90 %). AMP= 22.3, HZ= 55, H2S= 3 PPM, CO2= 1 %, API= 30.7, CL= 70 KPPM, MF= 0.95, PIP= 790 PSI. | AT17: =IF(AO17=0,"",X17) | AY17: =IF(AO17="","",H17) | BH17: =IF(AO17="","",V17)
L18: =J18*(1-K18/100) -> 0 | AO18: =IF(C18="",0,"KHALDA_WELLTEST1") -> 0 | AP18: =IF(AO18="","",REPORTDATE-1) -> 46284 | AQ18: =UPPER(IF(AO18="","",$AN$3&C18)) -> 9 | AR18: =UPPER(IF(AO18="","",$AN$3&C18)) -> 9 | AS18: =IF(AO18="","",O18) -> 0 | AT18: =IF(AO18=0,"",X18) | AU18: =IF(AO18="","",J18) -> 0 | AV18: =IF(AO18="","",M18*1000) -> 0 | AW18: =IF(AO18="","",E18) -> 0 | AX18: =IF(AO18="","",G18) -> 0 | AY18: =IF(AO18="","",H18) -> 0 | AZ18: =IF(AO18="","",I18) -> 0 | BA18: =IF(AO18="","",P18) -> 0 | BB18: =IF(AO18="","",Q18) -> 0 | BC18: =IF(AO18="","",K18) -> 0 | BF18: =IF(AO18=0,"",200) | BH18: =IF(AO18="","",V18) -> 0
L19: =J19*(1-K19/100) -> 0 | N19: =IF(ISNUMBER(M19),(M19*10^6)/L19,"") | AO19: =IF(C19="",0,"KHALDA_WELLTEST1") -> 0 | AP19: =IF(AO19="","",REPORTDATE-1) -> 46284 | AQ19: =UPPER(IF(AO19="","",$AN$3&C19)) -> 9 | AR19: =UPPER(IF(AO19="","",$AN$3&C19)) -> 9 | AS19: =IF(AO19="","",O19) -> 0 | AT19: =IF(AO19=0,"",X19) | AU19: =IF(AO19="","",J19) -> 0 | AV19: =IF(AO19="","",M19*1000) -> 0 | AW19: =IF(AO19="","",E19) -> 0 | AX19: =IF(AO19="","",G19) -> 0 | AY19: =IF(AO19="","",H19) -> 0 | AZ19: =IF(AO19="","",I19) -> 0 | BA19: =IF(AO19="","",P19) -> 0 | BB19: =IF(AO19="","",Q19) -> 0 | BC19: =IF(AO19="","",K19) -> 0 | BF19: =IF(AO19=0,"",200) | BH19: =IF(AO19="","",V19) -> 0
L20: =J20*(1-K20/100) -> 0 | N20: =IF(ISNUMBER(M20),(M20*10^6)/L20,"") | AO20: =IF(C20="",0,"KHALDA_WELLTEST1") -> 0 | AP20: =IF(AO20="","",REPORTDATE-1) -> 46284 | AQ20: =UPPER(IF(AO20="","",$AN$3&C20)) -> 9 | AR20: =UPPER(IF(AO20="","",$AN$3&C20)) -> 9 | AS20: =IF(AO20="","",O20) -> 0 | AT20: =IF(AO20=0,"",X20) | AU20: =IF(AO20="","",J20) -> 0 | AV20: =IF(AO20="","",M20*1000) -> 0 | AW20: =IF(AO20="","",E20) -> 0 | AX20: =IF(AO20="","",G20) -> 0 | AY20: =IF(AO20="","",H20) -> 0 | AZ20: =IF(AO20="","",I20) -> 0 | BA20: =IF(AO20="","",P20) -> 0 | BB20: =IF(AO20="","",Q20) -> 0 | BC20: =IF(AO20="","",K20) -> 0 | BF20: =IF(AO20=0,"",200) | BH20: =IF(AO20="","",V20) -> 0
L21: =J21*(1-K21/100) -> 0 | N21: =IF(ISNUMBER(M21),(M21*10^6)/L21,"") | AO21: =IF(C21="",0,"KHALDA_WELLTEST1") -> 0 | AP21: =IF(AO21="","",REPORTDATE-1) -> 46284 | AQ21: =UPPER(IF(AO21="","",$AN$3&C21)) -> 9 | AR21: =UPPER(IF(AO21="","",$AN$3&C21)) -> 9 | AS21: =IF(AO21="","",O21) -> 0 | AT21: =IF(AO21=0,"",X21) | AU21: =IF(AO21="","",J21) -> 0 | AV21: =IF(AO21="","",M21*1000) -> 0 | AW21: =IF(AO21="","",F21) -> 0 | AX21: =IF(AO21="","",G21) -> 0 | AY21: =IF(AO21="","",H21) -> 0 | AZ21: =IF(AO21="","",I21) -> 0 | BA21: =IF(AO21="","",P21) -> 0 | BB21: =IF(AO21="","",Q21) -> 0 | BC21: =IF(AO21="","",K21) -> 0 | BF21: =IF(AO21=0,"",200) | BH21: =IF(AO21="","",V21) -> 0
L22: =J22*(1-K22/100) -> 0 | N22: =IF(ISNUMBER(M22),(M22*10^6)/L22,"") | AO22: =IF(C22="",0,"KHALDA_WELLTEST1") -> 0 | AP22: =IF(AO22="","",REPORTDATE-1) -> 46284 | AQ22: =UPPER(IF(AO22="","",$AN$3&C22)) -> 9 | AR22: =UPPER(IF(AO22="","",$AN$3&C22)) -> 9 | AS22: =IF(AO22="","",O22) -> 0 | AT22: =IF(AO22=0,"",X22) | AU22: =IF(AO22="","",J22) -> 0 | AV22: =IF(AO22="","",M22*1000) -> 0 | AW22: =IF(AO22="","",F22) -> 0 | AX22: =IF(AO22="","",G22) -> 0 | AY22: =IF(AO22="","",H22) -> 0 | AZ22: =IF(AO22="","",I22) -> 0 | BA22: =IF(AO22="","",P22) -> 0 | BB22: =IF(AO22="","",Q22) -> 0 | BC22: =IF(AO22="","",K22) -> 0 | BF22: =IF(AO22=0,"",200) | BH22: =IF(AO22="","",V22) -> 0
L23: =J23*(1-K23/100) -> 0 | N23: =IF(ISNUMBER(M23),(M23*10^6)/L23,"") | AO23: =IF(C23="",0,"KHALDA_WELLTEST1") -> 0 | AP23: =IF(AO23="","",REPORTDATE-1) -> 46284 | AQ23: =UPPER(IF(AO23="","",$AN$3&C23)) -> 9 | AR23: =UPPER(IF(AO23="","",$AN$3&C23)) -> 9 | AS23: =IF(AO23="","",O23) -> 0 | AT23: =IF(AO23=0,"",X23) | AU23: =IF(AO23="","",J23) -> 0 | AV23: =IF(AO23="","",M23*1000) -> 0 | AW23: =IF(AO23="","",F23) -> 0 | AX23: =IF(AO23="","",G23) -> 0 | AY23: =IF(AO23="","",H23) -> 0 | AZ23: =IF(AO23="","",I23) -> 0 | BA23: =IF(AO23="","",P23) -> 0 | BB23: =IF(AO23="","",Q23) -> 0 | BC23: =IF(AO23="","",K23) -> 0 | BF23: =IF(AO23=0,"",200) | BH23: =IF(AO23="","",V23) -> 0
L24: =J24*(1-K24/100) -> 0 | N24: =IF(ISNUMBER(M24),(M24*10^6)/L24,"") | AO24: =IF(C24="",0,"KHALDA_WELLTEST1") -> 0 | AP24: =IF(AO24="","",REPORTDATE-1) -> 46284 | AQ24: =UPPER(IF(AO24="","",$AN$3&C24)) -> 9 | AR24: =UPPER(IF(AO24="","",$AN$3&C24)) -> 9 | AS24: =IF(AO24="","",O24) -> 0 | AT24: =IF(AO24=0,"",X24) | AU24: =IF(AO24="","",J24) -> 0 | AV24: =IF(AO24="","",M24*1000) -> 0 | AW24: =IF(AO24="","",F24) -> 0 | AX24: =IF(AO24="","",G24) -> 0 | AY24: =IF(AO24="","",H24) -> 0 | AZ24: =IF(AO24="","",I24) -> 0 | BA24: =IF(AO24="","",P24) -> 0 | BB24: =IF(AO24="","",Q24) -> 0 | BC24: =IF(AO24="","",K24) -> 0 | BF24: =IF(AO24=0,"",200) | BH24: =IF(AO24="","",V24) -> 0
L25: =J25*(1-K25/100) -> 0 | N25: =IF(ISNUMBER(M25),(M25*10^6)/L25,"") | V25: ` | AO25: =IF(C25="",0,"KHALDA_WELLTEST1") -> 0 | AP25: =IF(AO25="","",REPORTDATE-1) -> 46284 | AQ25: =UPPER(IF(AO25="","",$AN$3&C25)) -> 9 | AR25: =UPPER(IF(AO25="","",$AN$3&C25)) -> 9 | AS25: =IF(AO25="","",O25) -> 0 | AT25: =IF(AO25=0,"",X25) | AU25: =IF(AO25="","",J25) -> 0 | AV25: =IF(AO25="","",M25*1000) -> 0 | AW25: =IF(AO25="","",F25) -> 0 | AX25: =IF(AO25="","",G25) -> 0 | AY25: =IF(AO25="","",H25) -> 0 | AZ25: =IF(AO25="","",I25) -> 0 | BA25: =IF(AO25="","",P25) -> 0 | BB25: =IF(AO25="","",Q25) -> 0 | BC25: =IF(AO25="","",K25) -> 0 | BF25: =IF(AO25=0,"",200) | BH25: =IF(AO25="","",V25) -> `
AO26: =IF(C26="",0,"KHALDA_WELLTEST1") -> 0 | AP26: =IF(AO26="","",REPORTDATE-1) -> 46284 | AQ26: =UPPER(IF(AO26="","",$AN$3&C26)) -> 9 | AR26: =UPPER(IF(AO26="","",$AN$3&C26)) -> 9 | AS26: =IF(AO26="","",O26) -> 0 | AT26: =IF(AO26=0,"",X26) | AU26: =IF(AO26="","",J26) -> 0 | AV26: =IF(AO26="","",M26*1000) -> 0 | AW26: =IF(AO26="","",F26) -> 0 | AX26: =IF(AO26="","",G26) -> 0 | AY26: =IF(AO26="","",H26) -> 0 | AZ26: =IF(AO26="","",I26) -> 0 | BA26: =IF(AO26="","",P26) -> 0 | BB26: =IF(AO26="","",Q26) -> 0 | BC26: =IF(AO26="","",K26) -> 0 | BF26: =IF(AO26=0,"",200) | BH26: =IF(AO26="","",V26) -> 0
AO27: =IF(C27="",0,"KHALDA_WELLTEST1") -> 0 | AP27: =IF(AO27="","",REPORTDATE-1) -> 46284 | AQ27: =UPPER(IF(AO27="","",$AN$3&C27)) -> 9 | AR27: =UPPER(IF(AO27="","",$AN$3&C27)) -> 9 | AS27: =IF(AO27="","",O27) -> 0 | AT27: =IF(AO27=0,"",X27) | AU27: =IF(AO27="","",J27) -> 0 | AV27: =IF(AO27="","",M27*1000) -> 0 | AW27: =IF(AO27="","",F27) -> 0 | AX27: =IF(AO27="","",G27) -> 0 | AY27: =IF(AO27="","",H27) -> 0 | AZ27: =IF(AO27="","",I27) -> 0 | BA27: =IF(AO27="","",P27) -> 0 | BB27: =IF(AO27="","",Q27) -> 0 | BC27: =IF(AO27="","",K27) -> 0 | BF27: =IF(AO27=0,"",200) | BH27: =IF(AO27="","",V27) -> 0

Sheet WELL DATA
B1: WELL DATA - OIL WELLS | F1: =SUMIF(WSTATUS,"=SI",HOURS) -> 0 | J1: TEMPLATE MOD NEEDED | Q1: =REPORT!#REF! -> #REF! | AC1: NRQ PROFAC | AD1: =REPORT!M8/(SUMIF(FIELD,"NRQ",EST_PROD)) -> 0.77925307 | AI1: =REPORT!M7/((SUMIF(FIELD,"MAIN",EST_PROD))+(SUMIF(FIELD,"EAST",EST_PROD))+(SUMIF(FIELD,"NORTH",EST_PROD))+(SUMIF(FIELD,"WEST",EST_PROD))) -> 1.0944361 | AK1: Test is > 30 days old
B2: WELL NAME | C2: ZONE | D2: WELL TYPE | E2: STATUS | F2: =IF(F1>0,"CHECK HRS","HRS ONLINE") -> HRS ONLINE | G2: DEFER'd PROD STB | H2: DOWNTIME CAUSE Input will be blue if cause required | I2: H2S READING | J2: CHOKE 64" | K2: WHFP PSI | L2: F/LINE PSI | M2: CASING PSI | N2: CASING STATUS | O2: FTHT °F | P2: FLUID LEVELS | U2: PUMP DEPTH | V2: PUMP SIZE " | W2: DAILY SAM DATA | AA2: SUCKER ROD PUMP DATA | AE2: AMPS | AF2: Hz | AG2: Motor Rating AMP | AH2: Motor Loading Percentage | AI2: EST PRODN | AJ2: LAST WELL TEST | AP2: COMMENTS | CV2: =CY153/CY158 -> 1.0786916 | CW2: FV TAG | CX2: DATE | CY2: WELL NAME | CZ2: CHOKE 64" | DA2: WHFP PSI | DB2: HRS ONLINE | DC2: STATUS | DD2: WHSIP | DE2: LIFT GAS | DF2: FTHT | DG2: DHP | DH2: SPM | DI2: SL | DJ2: RPM | DK2: AMP 1 | DL2: AMP 2 | DM2: AMP 3 | DN2: HZ | DO2: DAILY BS&W | DP2: DOWNTIME CAUSE | DQ2: EST PROD | DR2: LIFT GAS MMSCF/D | DS2: FIELD | DY2: FV TAG | DZ2: DATE | EA2: WELL NAME | EB2: CHOKE 64" | EC2: WHFP PSI | ED2: HRS ONLINE | EE2: STATUS | EF2: CSG PSI | EG2: CSG STAT | EH2: DOWNTIME CAUSE | EI2: DAILY BS&W | EJ2: PUMP SIZE | EK2: DEFER PROD | EL2: FLINE PSI | EM2: PUMP UNIT SIZE | EN2: SPM"Strock Per Minute" | EO2: DATE OF DOWNLOAD | EP2: SL"Strock Length" | EQ2: AMP1 | ER2: AMP2 | ES2: AMP3 | ET2: RPM | EU2: HZ | EV2: PUMP TYPE | EW2: RUNTIME % | EX2: INF PROD | EY2: PUMP FILLAGE% | EZ2: PUMP FILL SET PT% | FA2: COMMENTS | FB2: FIELD
P3: LAST DATE | Q3: DFL | R3: L% | S3: NLAP | T3: SFL | W3: RUNTIME % | X3: INF PROD | Y3: PUMP FILLAGE% | Z3: PUMP FILL SET PT% | AA3: SRU | AB3: SPM | AC3: SL | AD3: RPM | AJ3: DATE | AK3: BFPD | AL3: GAS (mmscf) | AM3: BS&W % | AN3: BOPD | AO3: CL, PPM | CV3: 9
C4: WRZK-60 | D4: ARG | F4: Spool | G4: =IF(OR(WSTATUS="T&A",DTCAUSE="PUMP OFF MODE",DTCAUSE="UNDER LOAD"),0,BOPD/24*(24-HOURS)) -> #VALUE! | T4: W.C F/ (MTU **** %, Lab *** %, WHS *** %), H2S= *** PPM, CO2= *** %, SAM Reading= *** @ *** % R.T, P.F=**** %, CL=*** Kppm, MF=*** | AI4: =AN4/24*F4 -> #VALUE! | AL4: mmscf | AN4: =IF(BFPD=0,0,BFPD*(1-BSW/100)) -> 0 | CW4: KHALDA_WELL | CX4: =REPORTDATE-1 -> 46284 | CY4: =$CV$3&B4 -> 9 | CZ4: =J4 -> 0 | DA4: =K4 -> 0 | DB4: =F4 -> Spool | DC4: =IF(DB4=0,"SI",E4) -> 0 | DF4: =O4 -> 0 | DG4: =AA4 -> 0 | DH4: =AB4 -> 0 | DI4: =AC4 -> 0 | DJ4: =AD4 -> 0 | DK4: =AE4 -> 0 | DN4: =AF4 -> 0 | DO4: =AI4 -> #VALUE! | DP4: =IF(H4="","",H4) | DQ4: =AN4/24*HOURS -> #VALUE! | DR4: =I4 -> 0 | DS4: =IF(OR(E4="SI",B4="",E4="T&A"),"",VLOOKUP(B4,WELL_FIELD,2))
B5: ERZK-17 | C5: APOLLONIA | E5: SI | F5: 0 | G5: =IF(OR(WSTATUS="T&A",DTCAUSE="PUMP OFF MODE",DTCAUSE="UNDER LOAD"),0,BOPD/24*(24-HOURS)) -> 0 | I5: 24000 | K5: 0 | S5: PKR | U5: 3479 | V5: 1.75 | AA5: C-456 | AH5: =IF(AG5="","",AE5/AG5*100) | AI5: =AN5/24*F5 -> 0 | AN5: =IF(BFPD=0,0,BFPD*(1-BSW/100)) -> 0 | AO5: 0 | AP5: DH Problem 31-10-22 Last W/O 08/2021 (R/C - Acidize Apollonia Reservoir Interval), started up 03/09/2021. | BJ5: =+IF(E5="SI",0,AK5*AM5/100) -> 0 | CW5: KHALDA_WELL | CX5: =REPORTDATE-1 -> 46284 | CY5: =$CV$3&B5 -> 9ERZK-17 | CZ5: =J5 -> 0 | DA5: =K5 -> 0 | DB5: =F5 -> 0 | DC5: =IF(DB5=0,"SI",E5) -> SI | DF5: =O5 -> 0 | DG5: =AA5 -> C-456 | DH5: =AB5 -> 0 | DI5: =AC5 -> 0 | DJ5: =AD5 -> 0 | DK5: =AE5 -> 0 | DN5: =AF5 -> 0 | DO5: =AI5 -> 0 | DP5: =IF(H5="","",H5) | DQ5: =AN5/24*HOURS -> 0 | DR5: =I5 -> 24000 | DS5: =IF(OR(E5="SI",B5="",E5="T&A"),"",VLOOKUP(B5,WELL_FIELD,2)) | DY5: =IF(B5="","","KHALDA_WELL") -> KHALDA_WELL | DZ5: =REPORTDATE-1 -> 46284 | EA5: =B5 -> ERZK-17 | EB5: =J5 -> 0 | EC5: =K5 -> 0 | ED5: =F5 -> 0 | EE5: =IF(DB5=0,"SI",E5) -> SI | EH5: =IF(H5="","",H5) | EI5: =AI5 -> 0 | EJ5: =V5 -> 1.75 | EK5: =G5 -> 0 | EN5: =AB5 -> 0 | EP5: =AC5 -> 0 | EQ5: =AE5 -> 0 | ET5: =AD5 -> 0 | EU5: =AF5 -> 0 | EW5: =W5 -> 0 | EX5: =X5 -> 0 | EY5: =Y5 -> 0 | EZ5: =Z5 -> 0 | FA5: =AP5 -> DH Problem 31-10-22 Last W/O 08/2021 (R/C - Acidize Apollonia Reservoir Interval), started up 03/09/2021. | FB5: =IF(OR(E5="SI",B5="",E5="T&A"),"",VLOOKUP(B5,WELL_FIELD,2))
B6: ERZK-18 | C6: BAH | D6: SRP | E6: SI | F6: 0 | G6: =IF(OR(WSTATUS="T&A",DTCAUSE="PUMP OFF MODE",DTCAUSE="UNDER LOAD"),0,BOPD/24*(24-HOURS)) -> 0 | K6: 0 | S6: PKR | U6: 5511 | V6: GN2100 | AI6: =AN6/24*F6 -> 0 | AN6: =IF(BFPD=0,0,BFPD*(1-BSW/100)) -> 0 | AP6: S/D on 17-02-2023 due to DH Problem Last W/O 02/2021 (R/C), started up 07/02/2021. | BJ6: =+IF(E6="SI",0,AK6*AM6/100) -> 0 | CW6: KHALDA_WELL | CX6: =REPORTDATE-1 -> 46284 | CY6: =$CV$3&B6 -> 9ERZK-18 | CZ6: =J6 -> 0 | DA6: =K6 -> 0 | DB6: =F6 -> 0 | DC6: =IF(DB6=0,"SI",E6) -> SI | DF6: =O6 -> 0 | DG6: =AA6 -> 0 | DH6: =AB6 -> 0 | DI6: =AC6 -> 0 | DJ6: =AD6 -> 0 | DK6: =AE6 -> 0 | DN6: =AF6 -> 0 | DO6: =AI6 -> 0 | DP6: =IF(H6="","",H6) | DQ6: =AN6/24*HOURS -> 0 | DR6: =I6 -> 0 | DS6: =IF(OR(E6="SI",B6="",E6="T&A"),"",VLOOKUP(B6,WELL_FIELD,2)) | DY6: =IF(B6="","","KHALDA_WELL") -> KHALDA_WELL | DZ6: =REPORTDATE-1 -> 46284 | EA6: =B6 -> ERZK-18 | EB6: =J6 -> 0 | EC6: =K6 -> 0 | ED6: =F6 -> 0 | EE6: =IF(DB6=0,"SI",E6) -> SI | EH6: =IF(H6="","",H6) | EI6: =AI6 -> 0 | EJ6: =V6 -> GN2100 | EK6: =G6 -> 0 | EN6: =AB6 -> 0 | EP6: =AC6 -> 0 | EQ6: =AE6 -> 0 | ET6: =AD6 -> 0 | EU6: =AF6 -> 0 | EW6: =W6 -> 0 | EX6: =X6 -> 0 | EY6: =Y6 -> 0 | EZ6: =Z6 -> 0 | FA6: =AP6 -> S/D on 17-02-2023 due to DH Problem Last W/O 02/2021 (R/C), started up 07/02/2021. | FB6: =IF(OR(E6="SI",B6="",E6="T&A"),"",VLOOKUP(B6,WELL_FIELD,2))
B7: ERZK-21 | C7: BAH/ARG | D7: SRP | E7: ESP | F7: 24 | G7: =IF(OR(WSTATUS="T&A",DTCAUSE="PUMP OFF MODE",DTCAUSE="UNDER LOAD"),0,BOPD/24*(24-HOURS)) -> 0 | I7: 6 | J7: 128 | K7: 170 | L7: 160 | M7: 0 | N7: CL | O7: 156 | P7: 46113 | Q7: 3695.66 | R7: 100 | S7: 1725 | U7: 5421 | V7: SN3600 | AE7: 50 | AF7: 50 | AG7: 61.7 | AH7: =IF(AG7="","",AE7/AG7*100) -> 81.037277 | AI7: =AN7/24*F7 -> 76.76 | AJ7: 46277 | AK7: 1919 | AM7: 96 | AN7: =IF(BFPD=0,0,BFPD*(1-BSW/100)) -> 76.76 | AO7: 72000 | AP7: Last W/O 08/2023 (ESP Upgrade),Started up On 25/08/2023 | BJ7: =+IF(E7="SI",0,AK7*AM7/100) -> 1842.24 | CW7: KHALDA_WELL | CX7: =REPORTDATE-1 -> 46284 | CY7: =$CV$3&B7 -> 9ERZK-21 | CZ7: =J7 -> 128 | DA7: =K7 -> 170 | DB7: =F7 -> 24 | DC7: =IF(DB7=0,"SI",E7) -> ESP | DF7: =O7 -> 156 | DG7: =AA7 -> 0 | DH7: =AB7 -> 0 | DI7: =AC7 -> 0 | DJ7: =AD7 -> 0 | DK7: =AE7 -> 50 | DN7: =AF7 -> 50 | DO7: =AI7 -> 76.76 | DP7: =IF(H7="","",H7) | DQ7: =AN7/24*HOURS -> 76.76 | DR7: =I7 -> 6 | DS7: =IF(OR(E7="SI",B7="",E7="T&A"),"",VLOOKUP(B7,WELL_FIELD,2)) -> EAST | DY7: =IF(B7="","","KHALDA_WELL") -> KHALDA_WELL | DZ7: =REPORTDATE-1 -> 46284 | EA7: =B7 -> ERZK-21 | EB7: =J7 -> 128 | EC7: =K7 -> 170 | ED7: =F7 -> 24 | EE7: =IF(DB7=0,"SI",E7) -> ESP | EH7: =IF(H7="","",H7) | EI7: =AI7 -> 76.76 | EJ7: =V7 -> SN3600 | EK7: =G7 -> 0 | EN7: =AB7 -> 0 | EP7: =AC7 -> 0 | EQ7: =AE7 -> 50 | ET7: =AD7 -> 0 | EU7: =AF7 -> 50 | EW7: =W7 -> 0 | EX7: =X7 -> 0 | EY7: =Y7 -> 0 | EZ7: =Z7 -> 0 | FA7: =AP7 -> Last W/O 08/2023 (ESP Upgrade),Started up On 25/08/2023 | FB7: =IF(OR(E7="SI",B7="",E7="T&A"),"",VLOOKUP(B7,WELL_FIELD,2)) -> EAST
B8: ERZK-110 | C8: MULTIZONE | D8: ESP(SN2600) | E8: SI | F8: 0 | G8: =IF(OR(WSTATUS="T&A",DTCAUSE="PUMP OFF MODE",DTCAUSE="UNDER LOAD"),0,BOPD/24*(24-HOURS)) -> 69.3 | K8: 950 | M8: 180 | AH8: =IF(AG8="","",AE8/AG8*100) | AI8: =AN8/24*F8 -> 0 | AK8: 70 | AM8: 1 | AN8: =IF(BFPD=0,0,BFPD*(1-BSW/100)) -> 69.3 | AP8: S/D 14-07-2022 due to D.H.P Last W/O 02/2015 (RC). On 16/12/2019 Fully opened prod. CK | BJ8: =+IF(E8="SI",0,AK8*AM8/100) -> 0 | CW8: KHALDA_WELL | CX8: =REPORTDATE-1 -> 46284 | CY8: =$CV$3&B8 -> 9ERZK-110 | CZ8: =J8 -> 0 | DA8: =K8 -> 950 | DB8: =F8 -> 0 | DC8: =IF(DB8=0,"SI",E8) -> SI | DF8: =O8 -> 0 | DG8: =AA8 -> 0 | DH8: =AB8 -> 0 | DI8: =AC8 -> 0 | DJ8: =AD8 -> 0 | DK8: =AE8 -> 0 | DN8: =AF8 -> 0 | DO8: =AI8 -> 0 | DP8: =IF(H8="","",H8) | DQ8: =AN8/24*HOURS -> 0 | DR8: =I8 -> 0 | DS8: =IF(OR(E8="SI",B8="",E8="T&A"),"",VLOOKUP(B8,WELL_FIELD,2)) | DY8: =IF(B8="","","KHALDA_WELL") -> KHALDA_WELL | DZ8: =REPORTDATE-1 -> 46284 | EA8: =B8 -> ERZK-110 | EB8: =J8 -> 0 | EC8: =K8 -> 950 | ED8: =F8 -> 0 | EE8: =IF(DB8=0,"SI",E8) -> SI | EH8: =IF(H8="","",H8) | EI8: =AI8 -> 0 | EJ8: =V8 -> 0 | EK8: =G8 -> 69.3 | EN8: =AB8 -> 0 | EP8: =AC8 -> 0 | EQ8: =AE8 -> 0 | ET8: =AD8 -> 0 | EU8: =AF8 -> 0 | EW8: =W8 -> 0 | EX8: =X8 -> 0 | EY8: =Y8 -> 0 | EZ8: =Z8 -> 0 | FA8: =AP8 -> S/D 14-07-2022 due to D.H.P Last W/O 02/2015 (RC). On 16/12/2019 Fully opened prod. CK | FB8: =IF(OR(E8="SI",B8="",E8="T&A"),"",VLOOKUP(B8,WELL_FIELD,2))
B9: ERZK-111 | C9: MULTIZONE | D9: ESP(D800N) | E9: ESP | F9: 24 | G9: =IF(OR(WSTATUS="T&A",DTCAUSE="PUMP OFF MODE",DTCAUSE="UNDER LOAD"),0,BOPD/24*(24-HOURS)) -> 0 | I9: 5 | J9: Spool | K9: 140 | L9: 130 | M9: 0 | N9: OP | O9: 151 | P9: 46135 | Q9: 4560 | R9: 89 | S9: 1270 | U9: 5991 | V9: Borets 400-2200 | AE9: 42 | AF9: 56 | AG9: 44 | AH9: =IF(AG9="","",AE9/AG9*100) -> 95.454545 | AI9: =AN9/24*F9 -> 91.561 | AJ9: 46276 | AK9: 1501 | AM9: 93.9 | AN9: =IF(BFPD=0,0,BFPD*(1-BSW/100)) -> 91.561 | AO9: 66000 | AP9: Last W/O 02/2021 (RW-Pump upgrade),Perf & Reperf UBAH-200&210 / LBAH Start-up on 20-Feb-21 W/BORETS 400-2200 | BJ9: =+IF(E9="SI",0,AK9*AM9/100) -> 1409.439 | CW9: KHALDA_WELL | CX9: =REPORTDATE-1 -> 46284 | CY9: =$CV$3&B9 -> 9ERZK-111 | CZ9: =J9 -> Spool | DA9: =K9 -> 140 | DB9: =F9 -> 24 | DC9: =IF(DB9=0,"SI",E9) -> ESP | DF9: =O9 -> 151 | DG9: =AA9 -> 0 | DH9: =AB9 -> 0 | DI9: =AC9 -> 0 | DJ9: =AD9 -> 0 | DK9: =AE9 -> 42 | DN9: =AF9 -> 56 | DO9: =AI9 -> 91.561 | DP9: =IF(H9="","",H9) | DQ9: =AN9/24*HOURS -> 91.561 | DR9: =I9 -> 5 | DS9: =IF(OR(E9="SI",B9="",E9="T&A"),"",VLOOKUP(B9,WELL_FIELD,2)) -> EAST | DY9: =IF(B9="","","KHALDA_WELL") -> KHALDA_WELL | DZ9: =REPORTDATE-1 -> 46284 | EA9: =B9 -> ERZK-111 | EB9: =J9 -> Spool | EC9: =K9 -> 140 | ED9: =F9 -> 24 | EE9: =IF(DB9=0,"SI",E9) -> ESP | EH9: =IF(H9="","",H9) | EI9: =AI9 -> 91.561 | EJ9: =V9 -> Borets 400-2200 | EK9: =G9 -> 0 | EN9: =AB9 -> 0 | EP9: =AC9 -> 0 | EQ9: =AE9 -> 42 | ET9: =AD9 -> 0 | EU9: =AF9 -> 56 | EW9: =W9 -> 0 | EX9: =X9 -> 0 | EY9: =Y9 -> 0 | EZ9: =Z9 -> 0 | FA9: =AP9 -> Last W/O 02/2021 (RW-Pump upgrade),Perf & Reperf UBAH-200&210 / LBAH Start-up on 20-Feb-21 W/BORETS 400-2200 | FB9: =IF(OR(E9="SI",B9="",E9="T&A"),"",VLOOKUP(B9,WELL_FIELD,2)) -> EAST
B10: ERZK-127 | C10: LBAH | D10: ESP(SN2600) | E10: ESP | F10: 24 | G10: =IF(OR(WSTATUS="T&A",DTCAUSE="PUMP OFF MODE",DTCAUSE="UNDER LOAD"),0,BOPD/24*(24-HOURS)) -> 0 | I10: 1000 | J10: Spool | K10: 300 | L10: 300 | M10: 200 | N10: OP | O10: 170 | P10: 45229 | Q10: 2143 | R10: 100 | S10: 1878 | U10: 4023 | V10: SN3600 | AE10: 54 | AF10: 50 | AG10: 61.7 | AH10: =IF(AG10="","",AE10/AG10*100) -> 87.520259 | AI10: =AN10/24*F10 -> 57.596 | AJ10: 46227 | AK10: 2618 | AM10: 97.8 | AN10: =IF(BFPD=0,0,BFPD*(1-BSW/100)) -> 57.596 | AO10: 71000 | AP10: Last W/O 10/2021 TBG Replacement & Pump Upgrade, Started up 26/10/2021. | BJ10: =+IF(E10="SI",0,AK10*AM10/100) -> 2560.404 | CW10: KHALDA_WELL | CX10: =REPORTDATE-1 -> 46284 | CY10: =$CV$3&B10 -> 9ERZK-127 | CZ10: =J10 -> Spool | DA10: =K10 -> 300 | DB10: =F10 -> 24 | DC10: =IF(DB10=0,"SI",E10) -> ESP | DF10: =O10 -> 170 | DG10: =AA10 -> 0 | DH10: =AB10 -> 0 | DI10: =AC10 -> 0 | DJ10: =AD10 -> 0 | DK10: =AE10 -> 54 | DN10: =AF10 -> 50 | DO10: =AI10 -> 57.596 | DP10: =IF(H10="","",H10) | DQ10: =AN10/24*HOURS -> 57.596 | DR10: =I10 -> 1000 | DS10: =IF(OR(E10="SI",B10="",E10="T&A"),"",VLOOKUP(B10,WELL_FIELD,2)) -> EAST | DY10: =IF(B10="","","KHALDA_WELL") -> KHALDA_WELL | DZ10: =REPORTDATE-1 -> 46284 | EA10: =B10 -> ERZK-127 | EB10: =J10 -> Spool | EC10: =K10 -> 300 | ED10: =F10 -> 24 | EE10: =IF(DB10=0,"SI",E10) -> ESP | EH10: =IF(H10="","",H10) | EI10: =AI10 -> 57.596 | EJ10: =V10 -> SN3600 | EK10: =G10 -> 0 | EN10: =AB10 -> 0 | EP10: =AC10 -> 0 | EQ10: =AE10 -> 54 | ET10: =AD10 -> 0 | EU10: =AF10 -> 50 | EW10: =W10 -> 0 | EX10: =X10 -> 0 | EY10: =Y10 -> 0 | EZ10: =Z10 -> 0 | FA10: =AP10 -> Last W/O 10/2021 TBG Replacement & Pump Upgrade, Started up 26/10/2021. | FB10: =IF(OR(E10="SI",B10="",E10="T&A"),"",VLOOKUP(B10,WELL_FIELD,2)) -> EAST
B11: ERZK-129 | C11: L,BBAH | D11: ESP(GN2100) | E11: ESP | F11: 24 | G11: =IF(OR(WSTATUS="T&A",DTCAUSE="PUMP OFF MODE",DTCAUSE="UNDER LOAD"),0,BOPD/24*(24-HOURS)) -> 0 | I11: 0 | J11: Spool | K11: 210 | L11: 200 | M11: 0 | N11: OP | O11: 145 | P11: 46148 | Q11: Fluid level couldn’t be detected | U11: 6250 | V11: DN1150 | AE11: 26 | AF11: 45 | AG11: 24.4 | AH11: =IF(AG11="","",AE11/AG11*100) -> 106.55738 | AI11: =AN11/24*F11 -> 86.24 | AJ11: 46275 | AK11: 616 | AM11: 86 | AN11: =IF(BFPD=0,0,BFPD*(1-BSW/100)) -> 86.24 | AO11: 79000 | AP11: Last W/O 05/2025 (R/C), Started up 27/05/2025 | BJ11: =+IF(E11="SI",0,AK11*AM11/100) -> 529.76 | CW11: KHALDA_WELL | CX11: =REPORTDATE-1 -> 46284 | CY11: =$CV$3&B11 -> 9ERZK-129 | CZ11: =J11 -> Spool | DA11: =K11 -> 210 | DB11: =F11 -> 24 | DC11: =IF(DB11=0,"SI",E11) -> ESP | DF11: =O11 -> 145 | DG11: =AA11 -> 0 | DH11: =AB11 -> 0 | DI11: =AC11 -> 0 | DJ11: =AD11 -> 0 | DK11: =AE11 -> 26 | DN11: =AF11 -> 45 | DO11: =AI11 -> 86.24 | DP11: =IF(H11="","",H11) | DQ11: =AN11/24*HOURS -> 86.24 | DR11: =I11 -> 0 | DS11: =IF(OR(E11="SI",B11="",E11="T&A"),"",VLOOKUP(B11,WELL_FIELD,2)) -> EAST | DY11: =IF(B11="","","KHALDA_WELL") -> KHALDA_WELL | DZ11: =REPORTDATE-1 -> 46284 | EA11: =B11 -> ERZK-129 | EB11: =J11 -> Spool | EC11: =K11 -> 210 | ED11: =F11 -> 24 | EE11: =IF(DB11=0,"SI",E11) -> ESP | EH11: =IF(H11="","",H11) | EI11: =AI11 -> 86.24 | EJ11: =V11 -> DN1150 | EK11: =G11 -> 0 | EN11: =AB11 -> 0 | EP11: =AC11 -> 0 | EQ11: =AE11 -> 26 | ET11: =AD11 -> 0 | EU11: =AF11 -> 45 | EW11: =W11 -> 0 | EX11: =X11 -> 0 | EY11: =Y11 -> 0 | EZ11: =Z11 -> 0 | FA11: =AP11 -> Last W/O 05/2025 (R/C), Started up 27/05/2025 | FB11: =IF(OR(E11="SI",B11="",E11="T&A"),"",VLOOKUP(B11,WELL_FIELD,2)) -> EAST
B12: ERZK-130 | C12: BAH | D12: N.F | E12: ESP | F12: 24 | G12: =IF(OR(WSTATUS="T&A",DTCAUSE="PUMP OFF MODE",DTCAUSE="UNDER LOAD"),0,BOPD/24*(24-HOURS)) -> 0 | I12: 5 | J12: Spool | K12: 190 | L12: 170 | M12: 0 | N12: OP | O12: 126 | P12: 46135 | Q12: 4266 | R12: 83 | S12: 1255 | U12: 5885 | V12: WD650 | AE12: 16 | AF12: 50 | AG12: 30 | AH12: =IF(AG12="","",AE12/AG12*100) -> 53.333333 | AI12: =AN12/24*F12 -> 33.48 | AJ12: 46277 | AK12: 465 | AM12: 92.8 | AN12: =IF(BFPD=0,0,BFPD*(1-BSW/100)) -> 33.48 | AO12: 62000 | AP12: Started up to production 17-11-2025 after w/o pump down grade F/DN800 T/WD650 | BJ12: =+IF(E12="SI",0,AK12*AM12/100) -> 431.52 | CW12: KHALDA_WELL | CX12: =REPORTDATE-1 -> 46284 | CY12: =$CV$3&B12 -> 9ERZK-130 | CZ12: =J12 -> Spool | DA12: =K12 -> 190 | DB12: =F12 -> 24 | DC12: =IF(DB12=0,"SI",E12) -> ESP | DF12: =O12 -> 126 | DG12: =AA12 -> 0 | DH12: =AB12 -> 0 | DI12: =AC12 -> 0 | DJ12: =AD12 -> 0 | DK12: =AE12 -> 16 | DN12: =AF12 -> 50 | DO12: =AI12 -> 33.48 | DP12: =IF(H12="","",H12) | DQ12: =AN12/24*HOURS -> 33.48 | DR12: =I12 -> 5 | DS12: =IF(OR(E12="SI",B12="",E12="T&A"),"",VLOOKUP(B12,WELL_FIELD,2)) -> EAST | DY12: =IF(B12="","","KHALDA_WELL") -> KHALDA_WELL | DZ12: =REPORTDATE-1 -> 46284 | EA12: =B12 -> ERZK-130 | EB12: =J12 -> Spool | EC12: =K12 -> 190 | ED12: =F12 -> 24 | EE12: =IF(DB12=0,"SI",E12) -> ESP | EH12: =IF(H12="","",H12) | EI12: =AI12 -> 33.48 | EJ12: =V12 -> WD650 | EK12: =G12 -> 0 | EN12: =AB12 -> 0 | EP12: =AC12 -> 0 | EQ12: =AE12 -> 16 | ET12: =AD12 -> 0 | EU12: =AF12 -> 50 | EW12: =W12 -> 0 | EX12: =X12 -> 0 | EY12: =Y12 -> 0 | EZ12: =Z12 -> 0 | FA12: =AP12 -> Started up to production 17-11-2025 after w/o pump down grade F/DN800 T/WD650 | FB12: =IF(OR(E12="SI",B12="",E12="T&A"),"",VLOOKUP(B12,WELL_FIELD,2)) -> EAST
B13: ERZK-153 | C13: U/L-BAH | E13: ESP | F13: 24 | G13: =IF(OR(WSTATUS="T&A",DTCAUSE="PUMP OFF MODE",DTCAUSE="UNDER LOAD"),0,BOPD/24*(24-HOURS)) -> 0 | I13: 0 | J13: 128 | K13: 180 | L13: 120 | M13: 0 | N13: OP | O13: 129 | P13: 46148 | Q13: 4342.81 | R13: 88 | S13: 1076 | U13: 5570 | V13: FLEX-10 | AE13: 26 | AF13: 50 | AG13: 34 | AH13: =IF(AG13="","",AE13/AG13*100) -> 76.470588 | AI13: =AN13/24*F13 -> 33.792 | AJ13: 46227 | AK13: 528 | AM13: 93.6 | AN13: =IF(BFPD=0,0,BFPD*(1-BSW/100)) -> 33.792 | AO13: 65000 | AP13: Sarted up 31-01-2025 Last W/O 01/2025 (R/W) | BJ13: =+IF(E13="SI",0,AK13*AM13/100) -> 494.208 | CW13: KHALDA_WELL | CX13: =REPORTDATE-1 -> 46284 | CY13: =$CV$3&B13 -> 9ERZK-153 | CZ13: =J13 -> 128 | DA13: =K13 -> 180 | DB13: =F13 -> 24 | DC13: =IF(DB13=0,"SI",E13) -> ESP | DF13: =O13 -> 129 | DG13: =AA13 -> 0 | DH13: =AB13 -> 0 | DI13: =AC13 -> 0 | DJ13: =AD13 -> 0 | DK13: =AE13 -> 26 | DN13: =AF13 -> 50 | DO13: =AI13 -> 33.792 | DP13: =IF(H13="","",H13) | DQ13: =AN13/24*HOURS -> 33.792 | DR13: =I13 -> 0 | DS13: =IF(OR(E13="SI",B13="",E13="T&A"),"",VLOOKUP(B13,WELL_FIELD,2)) -> EAST | DY13: =IF(B13="","","KHALDA_WELL") -> KHALDA_WELL | DZ13: =REPORTDATE-1 -> 46284 | EA13: =B13 -> ERZK-153 | EB13: =J13 -> 128 | EC13: =K13 -> 180 | ED13: =F13 -> 24 | EE13: =IF(DB13=0,"SI",E13) -> ESP | EH13: =IF(H13="","",H13) | EI13: =AI13 -> 33.792 | EJ13: =V13 -> FLEX-10 | EK13: =G13 -> 0 | EN13: =AB13 -> 0 | EP13: =AC13 -> 0 | EQ13: =AE13 -> 26 | ET13: =AD13 -> 0 | EU13: =AF13 -> 50 | EW13: =W13 -> 0 | EX13: =X13 -> 0 | EY13: =Y13 -> 0 | EZ13: =Z13 -> 0 | FA13: =AP13 -> Sarted up 31-01-2025 Last W/O 01/2025 (R/W) | FB13: =IF(OR(E13="SI",B13="",E13="T&A"),"",VLOOKUP(B13,WELL_FIELD,2)) -> EAST
B14: ERZK-163 | C14: UBAH | E14: ESP | F14: 24 | G14: =IF(OR(WSTATUS="T&A",DTCAUSE="PUMP OFF MODE",DTCAUSE="UNDER LOAD"),0,BOPD/24*(24-HOURS)) -> 0 | I14: 3 | J14: 128 | K14: 140 | L14: 130 | M14: 0 | N14: OP | O14: 149 | U14: 5500 | V14: 400-1050 | AE14: 23 | AF14: 55 | AG14: 24.5 | AH14: =IF(AG14="","",AE14/AG14*100) -> 93.877551 | AI14: =AN14/24*F14 -> 80.5225 | AJ14: 46285 | AK14: 1039 | AM14: 92.25 | AN14: =IF(BFPD=0,0,BFPD*(1-BSW/100)) -> 80.5225 | AO14: 70000 | AP14: Started up 23/6/2024 Last W/O 06/2024 (Replaced SRP W/ ESP) | BJ14: =+IF(E14="SI",0,AK14*AM14/100) -> 958.4775 | CW14: KHALDA_WELL | CX14: =REPORTDATE-1 -> 46284 | CY14: =$CV$3&B14 -> 9ERZK-163 | CZ14: =J14 -> 128 | DA14: =K14 -> 140 | DB14: =F14 -> 24 | DC14: =IF(DB14=0,"SI",E14) -> ESP | DF14: =O14 -> 149 | DG14: =AA14 -> 0 | DH14: =AB14 -> 0 | DI14: =AC14 -> 0 | DJ14: =AD14 -> 0 | DK14: =AE14 -> 23 | DN14: =AF14 -> 55 | DO14: =AI14 -> 80.5225 | DP14: =IF(H14="","",H14) | DQ14: =AN14/24*HOURS -> 80.5225 | DR14: =I14 -> 3 | DS14: =IF(OR(E14="SI",B14="",E14="T&A"),"",VLOOKUP(B14,WELL_FIELD,2)) -> EAST | DY14: =IF(B14="","","KHALDA_WELL") -> KHALDA_WELL | DZ14: =REPORTDATE-1 -> 46284 | EA14: =B14 -> ERZK-163 | EB14: =J14 -> 128 | EC14: =K14 -> 140 | ED14: =F14 -> 24 | EE14: =IF(DB14=0,"SI",E14) -> ESP | EH14: =IF(H14="","",H14) | EI14: =AI14 -> 80.5225 | EJ14: =V14 -> 400-1050 | EK14: =G14 -> 0 | EN14: =AB14 -> 0 | EP14: =AC14 -> 0 | EQ14: =AE14 -> 23 | ET14: =AD14 -> 0 | EU14: =AF14 -> 55 | EW14: =W14 -> 0 | EX14: =X14 -> 0 | EY14: =Y14 -> 0 | EZ14: =Z14 -> 0 | FA14: =AP14 -> Started up 23/6/2024 Last W/O 06/2024 (Replaced SRP W/ ESP) | FB14: =IF(OR(E14="SI",B14="",E14="T&A"),"",VLOOKUP(B14,WELL_FIELD,2)) -> EAST
B15: ERZK-180 | C15: APOLLONIA | E15: SI | F15: 0 | G15: =IF(OR(WSTATUS="T&A",DTCAUSE="PUMP OFF MODE",DTCAUSE="UNDER LOAD"),0,BOPD/24*(24-HOURS)) -> 570 | I15: 6000 | J15: Spool | K15: 170 | L15: 150 | N15: OP | O15: 121 | P15: 45967 | Q15: 2561 | R15: 100 | S15: 1082 | U15: 3665 | V15: 2.25 | W15: 100 | X15: 569 | Y15: 98 | Z15: 80 | AA15: C-912 | AB15: 6.8 | AC15: 169 | AD15: 950 | AH15: =IF(AG15="","",AE15/AG15*100) | AI15: =AN15/24*F15 -> 0 | AJ15: 45968 | AK15: 570 | AN15: =IF(BFPD=0,0,BFPD*(1-BSW/100)) -> 570 | AO15: 62000 | AP15: Rerun on 18-01-2025, was S/I on 25/06/2024- due to uneconomic oil production. | BJ15: =+IF(E15="SI",0,AK15*AM15/100) -> 0 | CW15: KHALDA_WELL | CX15: =REPORTDATE-1 -> 46284 | CY15: =$CV$3&B15 -> 9ERZK-180 | CZ15: =J15 -> Spool | DA15: =K15 -> 170 | DB15: =F15 -> 0 | DC15: =IF(DB15=0,"SI",E15) -> SI | DF15: =O15 -> 121 | DG15: =AA15 -> C-912 | DH15: =AB15 -> 6.8 | DI15: =AC15 -> 169 | DJ15: =AD15 -> 950 | DK15: =AE15 -> 0 | DN15: =AF15 -> 0 | DO15: =AI15 -> 0 | DP15: =IF(H15="","",H15) | DQ15: =AN15/24*HOURS -> 0 | DR15: =I15 -> 6000 | DS15: =IF(OR(E15="SI",B15="",E15="T&A"),"",VLOOKUP(B15,WELL_FIELD,2)) | DY15: =IF(B15="","","KHALDA_WELL") -> KHALDA_WELL | DZ15: =REPORTDATE-1 -> 46284 | EA15: =B15 -> ERZK-180 | EB15: =J15 -> Spool | EC15: =K15 -> 170 | ED15: =F15 -> 0 | EE15: =IF(DB15=0,"SI",E15) -> SI | EH15: =IF(H15="","",H15) | EI15: =AI15 -> 0 | EJ15: =V15 -> 2.25 | EK15: =G15 -> 570 | EN15: =AB15 -> 6.8 | EP15: =AC15 -> 169 | EQ15: =AE15 -> 0 | ET15: =AD15 -> 950 | EU15: =AF15 -> 0 | EW15: =W15 -> 100 | EX15: =X15 -> 569 | EY15: =Y15 -> 98 | EZ15: =Z15 -> 80 | FA15: =AP15 -> Rerun on 18-01-2025, was S/I on 25/06/2024- due to uneconomic oil production. | FB15: =IF(OR(E15="SI",B15="",E15="T&A"),"",VLOOKUP(B15,WELL_FIELD,2))
B16: ERZK-199 | C16: UBAH/ARG | E16: ESP | F16: 24 | G16: =IF(OR(WSTATUS="T&A",DTCAUSE="PUMP OFF MODE",DTCAUSE="UNDER LOAD"),0,BOPD/24*(24-HOURS)) -> 0 | I16: 13 | J16: 14 | K16: 410 | L16: 160 | M16: 0 | N16: OP | O16: 131 | P16: 46113 | Q16: 3676.06 | R16: 33 | S16: 572 | U16: 5474 | V16: 400-1050 | AE16: 18 | AF16: 56 | AG16: 28 | AH16: =IF(AG16="","",AE16/AG16*100) -> 64.285714 | AI16: =AN16/24*F16 -> 239.475 | AJ16: 46279 | AK16: 515 | AM16: 53.5 | AN16: =IF(BFPD=0,0,BFPD*(1-BSW/100)) -> 239.475 | AO16: 56000 | AP16: Last W/O 03/2024 (R/C), Started up 20/03/2024 | BJ16: =+IF(E16="SI",0,AK16*AM16/100) -> 275.525 | CW16: KHALDA_WELL | CX16: =REPORTDATE-1 -> 46284 | CY16: =$CV$3&B16 -> 9ERZK-199 | CZ16: =J16 -> 14 | DA16: =K16 -> 410 | DB16: =F16 -> 24 | DC16: =IF(DB16=0,"SI",E16) -> ESP | DF16: =O16 -> 131 | DG16: =AA16 -> 0 | DH16: =AB16 -> 0 | DI16: =AC16 -> 0 | DJ16: =AD16 -> 0 | DK16: =AE16 -> 18 | DN16: =AF16 -> 56 | DO16: =AI16 -> 239.475 | DP16: =IF(H16="","",H16) | DQ16: =AN16/24*HOURS -> 239.475 | DR16: =I16 -> 13 | DS16: =IF(OR(E16="SI",B16="",E16="T&A"),"",VLOOKUP(B16,WELL_FIELD,2)) -> EAST | DY16: =IF(B16="","","KHALDA_WELL") -> KHALDA_WELL | DZ16: =REPORTDATE-1 -> 46284 | EA16: =B16 -> ERZK-199 | EB16: =J16 -> 14 | EC16: =K16 -> 410 | ED16: =F16 -> 24 | EE16: =IF(DB16=0,"SI",E16) -> ESP | EH16: =IF(H16="","",H16) | EI16: =AI16 -> 239.475 | EJ16: =V16 -> 400-1050 | EK16: =G16 -> 0 | EN16: =AB16 -> 0 | EP16: =AC16 -> 0 | EQ16: =AE16 -> 18 | ET16: =AD16 -> 0 | EU16: =AF16 -> 56 | EW16: =W16 -> 0 | EX16: =X16 -> 0 | EY16: =Y16 -> 0 | EZ16: =Z16 -> 0 | FA16: =AP16 -> Last W/O 03/2024 (R/C), Started up 20/03/2024 | FB16: =IF(OR(E16="SI",B16="",E16="T&A"),"",VLOOKUP(B16,WELL_FIELD,2)) -> EAST
B17: ERZK-202 | C17: ARG | E17: SI | F17: 0 | G17: =IF(OR(WSTATUS="T&A",DTCAUSE="PUMP OFF MODE",DTCAUSE="UNDER LOAD"),0,BOPD/24*(24-HOURS)) -> 0 | I17: 5 | J17: Spool | K17: 60 | L17: 140 | M17: 10 | N17: OP | O17: 109 | P17: 45921 | R17: 100 | S17: 3377 | T17: 1601 | U17: 5378 | V17: D1150N | AI17: =AN17/24*F17 -> 0 | AN17: =IF(BFPD=0,0,BFPD*(1-BSW/100)) -> 0 | AP17: S/D on 08-08-2024 due to high Tm & gas lock to save DH Pump Last W/O 09/2022 (Isolate U&LBAH and R/C acidize ARG-DOL.), Started up to production 29-9-2022 after W/O | BJ17: =+IF(E17="SI",0,AK17*AM17/100) -> 0 | CW17: KHALDA_WELL | CX17: =REPORTDATE-1 -> 46284 | CY17: =$CV$3&B17 -> 9ERZK-202 | CZ17: =J17 -> Spool | DA17: =K17 -> 60 | DB17: =F17 -> 0 | DC17: =IF(DB17=0,"SI",E17) -> SI | DF17: =O17 -> 109 | DG17: =AA17 -> 0 | DH17: =AB17 -> 0 | DI17: =AC17 -> 0 | DJ17: =AD17 -> 0 | DK17: =AE17 -> 0 | DN17: =AF17 -> 0 | DO17: =AI17 -> 0 | DP17: =IF(H17="","",H17) | DQ17: =AN17/24*HOURS -> 0 | DR17: =I17 -> 5 | DS17: =IF(OR(E17="SI",B17="",E17="T&A"),"",VLOOKUP(B17,WELL_FIELD,2)) | DY17: =IF(B17="","","KHALDA_WELL") -> KHALDA_WELL | DZ17: =REPORTDATE-1 -> 46284 | EA17: =B17 -> ERZK-202 | EB17: =J17 -> Spool | EC17: =K17 -> 60 | ED17: =F17 -> 0 | EE17: =IF(DB17=0,"SI",E17) -> SI | EH17: =IF(H17="","",H17) | EI17: =AI17 -> 0 | EJ17: =V17 -> D1150N | EK17: =G17 -> 0 | EN17: =AB17 -> 0 | EP17: =AC17 -> 0 | EQ17: =AE17 -> 0 | ET17: =AD17 -> 0 | EU17: =AF17 -> 0 | EW17: =W17 -> 0 | EX17: =X17 -> 0 | EY17: =Y17 -> 0 | EZ17: =Z17 -> 0 | FA17: =AP17 -> S/D on 08-08-2024 due to high Tm & gas lock to save DH Pump Last W/O 09/2022 (Isolate U&LBAH and R/C acidize ARG-DOL.), Started up to production 29-9-2022 after W/O | FB17: =IF(OR(E17="SI",B17="",E17="T&A"),"",VLOOKUP(B17,WELL_FIELD,2))
B18: AKIK-NE01 | C18: ALMDOL | D18: NF | E18: NF | F18: 24 | G18: =IF(OR(WSTATUS="T&A",DTCAUSE="PUMP OFF MODE",DTCAUSE="UNDER LOAD"),0,BOPD/24*(24-HOURS)) -> 0 | I18: 0 | J18: 36 | K18: 1140 | L18: 100 | N18: CL | O18: 127 | S18: N.F | AH18: =IF(AG18="","",AE18/AG18*100) | AI18: =AN18/24*F18 -> 243.25 | AJ18: 46285 | AK18: 1390 | AL18: 1.991 | AM18: 82.5 | AN18: =IF(BFPD=0,0,BFPD*(1-BSW/100)) -> 243.25 | AO18: 96000 | AP18: Last W/O 08/2026, Isolated AEB, Perf. ALMDOL | BJ18: =+IF(E18="SI",0,AK18*AM18/100) -> 1146.75 | CW18: KHALDA_WELL | CX18: =REPORTDATE-1 -> 46284 | CY18: =$CV$3&B18 -> 9AKIK-NE01 | CZ18: =J18 -> 36 | DA18: =K18 -> 1140 | DB18: =F18 -> 24 | DC18: =IF(DB18=0,"SI",E18) -> NF | DF18: =O18 -> 127 | DG18: =AA18 -> 0 | DH18: =AB18 -> 0 | DI18: =AC18 -> 0 | DJ18: =AD18 -> 0 | DK18: =AE18 -> 0 | DN18: =AF18 -> 0 | DO18: =AI18 -> 243.25 | DP18: =IF(H18="","",H18) | DQ18: =AN18/24*HOURS -> 243.25 | DR18: =I18 -> 0 | DS18: =IF(OR(E18="SI",B18="",E18="T&A"),"",VLOOKUP(B18,WELL_FIELD,2)) -> AKIK-NE | DY18: =IF(B18="","","KHALDA_WELL") -> KHALDA_WELL | DZ18: =REPORTDATE-1 -> 46284 | EA18: =B18 -> AKIK-NE01 | EB18: =J18 -> 36 | EC18: =K18 -> 1140 | ED18: =F18 -> 24 | EE18: =IF(DB18=0,"SI",E18) -> NF | EH18: =IF(H18="","",H18) | EI18: =AI18 -> 243.25 | EJ18: =V18 -> 0 | EK18: =G18 -> 0 | EN18: =AB18 -> 0 | EP18: =AC18 -> 0 | EQ18: =AE18 -> 0 | ET18: =AD18 -> 0 | EU18: =AF18 -> 0 | EW18: =W18 -> 0 | EX18: =X18 -> 0 | EY18: =Y18 -> 0 | EZ18: =Z18 -> 0 | FA18: =AP18 -> Last W/O 08/2026, Isolated AEB, Perf. ALMDOL | FB18: =IF(OR(E18="SI",B18="",E18="T&A"),"",VLOOKUP(B18,WELL_FIELD,2)) -> AKIK-NE
B19: TANZ-02 | C19: ALMDOL | E19: SI | F19: 0 | G19: =IF(OR(WSTATUS="T&A",DTCAUSE="PUMP OFF MODE",DTCAUSE="UNDER LOAD"),0,BOPD/24*(24-HOURS)) -> 112.52 | M19: 1080 | N19: OP | O19: 62 | U19: 5885 | V19: 538-1500 | AG19: 51 | AH19: =IF(AG19="","",AE19/AG19*100) -> 0 | AI19: =AN19/24*F19 -> 0 | AJ19: 45809 | AK19: 116 | AM19: 3 | AN19: =IF(BFPD=0,0,BFPD*(1-BSW/100)) -> 112.52 | AP19: On 23-03-2025 bled off well through CSG to MTU S/D On 08-02-2024 due to uneconomic oil production Started up 15-12-2022 via EXPRO EPF, | BJ19: =+IF(E19="SI",0,AK19*AM19/100) -> 0 | CW19: KHALDA_WELL | CX19: =REPORTDATE-1 -> 46284 | CY19: =$CV$3&B19 -> 9TANZ-02 | CZ19: =J19 -> 0 | DA19: =K19 -> 0 | DB19: =F19 -> 0 | DC19: =IF(DB19=0,"SI",E19) -> SI | DF19: =O19 -> 62 | DG19: =AA19 -> 0 | DH19: =AB19 -> 0 | DI19: =AC19 -> 0 | DJ19: =AD19 -> 0 | DK19: =AE19 -> 0 | DN19: =AF19 -> 0 | DO19: =AI19 -> 0 | DP19: =IF(H19="","",H19) | DQ19: =AN19/24*HOURS -> 0 | DR19: =I19 -> 0 | DS19: =IF(OR(E19="SI",B19="",E19="T&A"),"",VLOOKUP(B19,WELL_FIELD,2)) | DY19: =IF(B19="","","KHALDA_WELL") -> KHALDA_WELL | DZ19: =REPORTDATE-1 -> 46284 | EA19: =B19 -> TANZ-02 | EB19: =J19 -> 0 | EC19: =K19 -> 0 | ED19: =F19 -> 0 | EE19: =IF(DB19=0,"SI",E19) -> SI | EH19: =IF(H19="","",H19) | EI19: =AI19 -> 0 | EJ19: =V19 -> 538-1500 | EK19: =G19 -> 112.52 | EN19: =AB19 -> 0 | EP19: =AC19 -> 0 | EQ19: =AE19 -> 0 | ET19: =AD19 -> 0 | EU19: =AF19 -> 0 | EW19: =W19 -> 0 | EX19: =X19 -> 0 | EY19: =Y19 -> 0 | EZ19: =Z19 -> 0 | FA19: =AP19 -> On 23-03-2025 bled off well through CSG to MTU S/D On 08-02-2024 due to uneconomic oil production Started up 15-12-2022 via EXPRO EPF, | FB19: =IF(OR(E19="SI",B19="",E19="T&A"),"",VLOOKUP(B19,WELL_FIELD,2))
B20: LADICE-01 | C20: LBAH | E20: ESP | F20: 24 | G20: =IF(OR(WSTATUS="T&A",DTCAUSE="PUMP OFF MODE",DTCAUSE="UNDER LOAD"),0,BOPD/24*(24-HOURS)) -> 0 | I20: 0 | J20: 128 | K20: 50 | L20: 50 | M20: 0 | N20: OP | O20: 153 | U20: 6897 | V20: FLEX-10 | AE20: 27 | AF20: 50 | AG20: 30 | AH20: =IF(AG20="","",AE20/AG20*100) -> 90 | AI20: =AN20/24*F20 -> 122.06744 | AJ20: 46284 | AK20: =814*0.92 -> 748.88 | AM20: 83.7 | AN20: =IF(BFPD=0,0,BFPD*(1-BSW/100)) -> 122.06744 | AO20: 86000 | AP20: W.C F/ collected WH samples Last W/O 06/2026 (ESPR Replaced B400-1050 W/Flex10), Started-up 22/06/2026 | BJ20: =+IF(E20="SI",0,AK20*AM20/100) -> 626.81256 | CW20: KHALDA_WELL | CX20: =REPORTDATE-1 -> 46284 | CY20: =$CV$3&B20 -> 9LADICE-01 | CZ20: =J20 -> 128 | DA20: =K20 -> 50 | DB20: =F20 -> 24 | DC20: =IF(DB20=0,"SI",E20) -> ESP | DF20: =O20 -> 153 | DG20: =AA20 -> 0 | DH20: =AB20 -> 0 | DI20: =AC20 -> 0 | DJ20: =AD20 -> 0 | DK20: =AE20 -> 27 | DN20: =AF20 -> 50 | DO20: =AI20 -> 122.06744 | DP20: =IF(H20="","",H20) | DQ20: =AN20/24*HOURS -> 122.06744 | DR20: =I20 -> 0 | DS20: =IF(OR(E20="SI",B20="",E20="T&A"),"",VLOOKUP(B20,WELL_FIELD,2)) -> NWRZK | DY20: =IF(B20="","","KHALDA_WELL") -> KHALDA_WELL | DZ20: =REPORTDATE-1 -> 46284 | EA20: =B20 -> LADICE-01 | EB20: =J20 -> 128 | EC20: =K20 -> 50 | ED20: =F20 -> 24 | EE20: =IF(DB20=0,"SI",E20) -> ESP | EH20: =IF(H20="","",H20) | EI20: =AI20 -> 122.06744 | EJ20: =V20 -> FLEX-10 | EK20: =G20 -> 0 | EN20: =AB20 -> 0 | EP20: =AC20 -> 0 | EQ20: =AE20 -> 27 | ET20: =AD20 -> 0 | EU20: =AF20 -> 50 | EW20: =W20 -> 0 | EX20: =X20 -> 0 | EY20: =Y20 -> 0 | EZ20: =Z20 -> 0 | FA20: =AP20 -> W.C F/ collected WH samples Last W/O 06/2026 (ESPR Replaced B400-1050 W/Flex10), Started-up 22/06/2026 | FB20: =IF(OR(E20="SI",B20="",E20="T&A"),"",VLOOKUP(B20,WELL_FIELD,2)) -> NWRZK
B21: WRIGHT-01ST2 | C21: MAS | E21: SI | F21: 0 | G21: =IF(OR(WSTATUS="T&A",DTCAUSE="PUMP OFF MODE",DTCAUSE="UNDER LOAD"),0,BOPD/24*(24-HOURS)) -> 0 | AI21: =AN21/24*F21 -> 0 | AN21: =IF(BFPD=0,0,BFPD*(1-BSW/100)) -> 0 | BJ21: =+IF(E21="SI",0,AK21*AM21/100) -> 0 | CW21: KHALDA_WELL | CX21: =REPORTDATE-1 -> 46284 | CY21: =$CV$3&B21 -> 9WRIGHT-01ST2 | CZ21: =J21 -> 0 | DA21: =K21 -> 0 | DB21: =F21 -> 0 | DC21: =IF(DB21=0,"SI",E21) -> SI | DF21: =O21 -> 0 | DG21: =AA21 -> 0 | DH21: =AB21 -> 0 | DI21: =AC21 -> 0 | DJ21: =AD21 -> 0 | DK21: =AE21 -> 0 | DN21: =AF21 -> 0 | DO21: =AI21 -> 0 | DP21: =IF(H21="","",H21) | DQ21: =AN21/24*HOURS -> 0 | DR21: =I21 -> 0 | DS21: =IF(OR(E21="SI",B21="",E21="T&A"),"",VLOOKUP(B21,WELL_FIELD,2)) | DY21: =IF(B21="","","KHALDA_WELL") -> KHALDA_WELL | DZ21: =REPORTDATE-1 -> 46284 | EA21: =B21 -> WRIGHT-01ST2 | EB21: =J21 -> 0 | EC21: =K21 -> 0 | ED21: =F21 -> 0 | EE21: =IF(DB21=0,"SI",E21) -> SI | EH21: =IF(H21="","",H21) | EI21: =AI21 -> 0 | EJ21: =V21 -> 0 | EK21: =G21 -> 0 | EN21: =AB21 -> 0 | EP21: =AC21 -> 0 | EQ21: =AE21 -> 0 | ET21: =AD21 -> 0 | EU21: =AF21 -> 0 | EW21: =W21 -> 0 | EX21: =X21 -> 0 | EY21: =Y21 -> 0 | EZ21: =Z21 -> 0 | FA21: =AP21 -> 0 | FB21: =IF(OR(E21="SI",B21="",E21="T&A"),"",VLOOKUP(B21,WELL_FIELD,2))
B22: MUSTANG-01 | C22: AEB-1 | E22: SI | F22: 0 | G22: =IF(OR(WSTATUS="T&A",DTCAUSE="PUMP OFF MODE",DTCAUSE="UNDER LOAD"),0,BOPD/24*(24-HOURS)) -> 0 | AI22: =AN22/24*F22 -> 0 | AN22: =IF(BFPD=0,0,BFPD*(1-BSW/100)) -> 0 | AP22: Last W/O 07/2022 (I/C), Started-up 20/12/2022 | BJ22: =+IF(E22="SI",0,AK22*AM22/100) -> 0 | CW22: KHALDA_WELL | CX22: =REPORTDATE-1 -> 46284 | CY22: =$CV$3&B22 -> 9MUSTANG-01 | CZ22: =J22 -> 0 | DA22: =K22 -> 0 | DB22: =F22 -> 0 | DC22: =IF(DB22=0,"SI",E22) -> SI | DF22: =O22 -> 0 | DG22: =AA22 -> 0 | DH22: =AB22 -> 0 | DI22: =AC22 -> 0 | DJ22: =AD22 -> 0 | DK22: =AE22 -> 0 | DN22: =AF22 -> 0 | DO22: =AI22 -> 0 | DP22: =IF(H22="","",H22) | DQ22: =AN22/24*HOURS -> 0 | DR22: =I22 -> 0 | DS22: =IF(OR(E22="SI",B22="",E22="T&A"),"",VLOOKUP(B22,WELL_FIELD,2)) | DY22: =IF(B22="","","KHALDA_WELL") -> KHALDA_WELL | DZ22: =REPORTDATE-1 -> 46284 | EA22: =B22 -> MUSTANG-01 | EB22: =J22 -> 0 | EC22: =K22 -> 0 | ED22: =F22 -> 0 | EE22: =IF(DB22=0,"SI",E22) -> SI | EH22: =IF(H22="","",H22) | EI22: =AI22 -> 0 | EJ22: =V22 -> 0 | EK22: =G22 -> 0 | EN22: =AB22 -> 0 | EP22: =AC22 -> 0 | EQ22: =AE22 -> 0 | ET22: =AD22 -> 0 | EU22: =AF22 -> 0 | EW22: =W22 -> 0 | EX22: =X22 -> 0 | EY22: =Y22 -> 0 | EZ22: =Z22 -> 0 | FA22: =AP22 -> Last W/O 07/2022 (I/C), Started-up 20/12/2022 | FB22: =IF(OR(E22="SI",B22="",E22="T&A"),"",VLOOKUP(B22,WELL_FIELD,2))
B23: MUSTANG-03 | C23: ALMDOL | E23: SI | F23: 0 | G23: =IF(OR(WSTATUS="T&A",DTCAUSE="PUMP OFF MODE",DTCAUSE="UNDER LOAD"),0,BOPD/24*(24-HOURS)) -> 0 | I23: 0 | AI23: =AN23/24*F23 -> 0 | AN23: =IF(BFPD=0,0,BFPD*(1-BSW/100)) -> 0 | BJ23: =+IF(E23="SI",0,AK23*AM23/100) -> 0 | CW23: KHALDA_WELL | CX23: =REPORTDATE-1 -> 46284 | CY23: =$CV$3&B23 -> 9MUSTANG-03 | CZ23: =J23 -> 0 | DA23: =K23 -> 0 | DB23: =F23 -> 0 | DC23: =IF(DB23=0,"SI",E23) -> SI | DF23: =O23 -> 0 | DG23: =AA23 -> 0 | DH23: =AB23 -> 0 | DI23: =AC23 -> 0 | DJ23: =AD23 -> 0 | DK23: =AE23 -> 0 | DN23: =AF23 -> 0 | DO23: =AI23 -> 0 | DP23: =IF(H23="","",H23) | DQ23: =AN23/24*HOURS -> 0 | DR23: =I23 -> 0 | DS23: =IF(OR(E23="SI",B23="",E23="T&A"),"",VLOOKUP(B23,WELL_FIELD,2)) | DY23: =IF(B23="","","KHALDA_WELL") -> KHALDA_WELL | DZ23: =REPORTDATE-1 -> 46284 | EA23: =B23 -> MUSTANG-03 | EB23: =J23 -> 0 | EC23: =K23 -> 0 | ED23: =F23 -> 0 | EE23: =IF(DB23=0,"SI",E23) -> SI | EH23: =IF(H23="","",H23) | EI23: =AI23 -> 0 | EJ23: =V23 -> 0 | EK23: =G23 -> 0 | EN23: =AB23 -> 0 | EP23: =AC23 -> 0 | EQ23: =AE23 -> 0 | ET23: =AD23 -> 0 | EU23: =AF23 -> 0 | EW23: =W23 -> 0 | EX23: =X23 -> 0 | EY23: =Y23 -> 0 | EZ23: =Z23 -> 0 | FA23: =AP23 -> 0 | FB23: =IF(OR(E23="SI",B23="",E23="T&A"),"",VLOOKUP(B23,WELL_FIELD,2))
B24: RAFIKI-01 | C24: ALMDOL | E24: ESP | F24: 24 | G24: =IF(OR(WSTATUS="T&A",DTCAUSE="PUMP OFF MODE",DTCAUSE="UNDER LOAD"),0,BOPD/24*(24-HOURS)) -> 0 | I24: 0 | J24: 14 | K24: 70 | L24: 50 | M24: 80 | N24: CL | O24: 131 | U24: 6902 | V24: FLEX-80 | AE24: 44 | AF24: 40 | AG24: 88 | AH24: =IF(AG24="","",AE24/AG24*100) -> 50 | AI24: =AN24/24*F24 -> 118.2 | AJ24: 46285 | AK24: 3940 | AM24: 97 | AN24: =IF(BFPD=0,0,BFPD*(1-BSW/100)) -> 118.2 | AO24: 85000 | AP24: Rerun @ 16/09/2026 Figure from SIGMA EPF, W.C from RZK lab Started up 8/2/2023 Last W/O 01/2023 (I/C to ALM-DOL), ON 20-02-2023 RAN ESP | BJ24: =+IF(E24="SI",0,AK24*AM24/100) -> 3821.8 | CW24: KHALDA_WELL | CX24: =REPORTDATE-1 -> 46284 | CY24: =$CV$3&B24 -> 9RAFIKI-01 | CZ24: =J24 -> 14 | DA24: =K24 -> 70 | DB24: =F24 -> 24 | DC24: =IF(DB24=0,"SI",E24) -> ESP | DF24: =O24 -> 131 | DG24: =AA24 -> 0 | DH24: =AB24 -> 0 | DI24: =AC24 -> 0 | DJ24: =AD24 -> 0 | DK24: =AE24 -> 44 | DN24: =AF24 -> 40 | DO24: =AI24 -> 118.2 | DP24: =IF(H24="","",H24) | DQ24: =AN24/24*HOURS -> 118.2 | DR24: =I24 -> 0 | DS24: =IF(OR(E24="SI",B24="",E24="T&A"),"",VLOOKUP(B24,WELL_FIELD,2)) -> RAFIKI | DY24: =IF(B24="","","KHALDA_WELL") -> KHALDA_WELL | DZ24: =REPORTDATE-1 -> 46284 | EA24: =B24 -> RAFIKI-01 | EB24: =J24 -> 14 | EC24: =K24 -> 70 | ED24: =F24 -> 24 | EE24: =IF(DB24=0,"SI",E24) -> ESP | EH24: =IF(H24="","",H24) | EI24: =AI24 -> 118.2 | EJ24: =V24 -> FLEX-80 | EK24: =G24 -> 0 | EN24: =AB24 -> 0 | EP24: =AC24 -> 0 | EQ24: =AE24 -> 44 | ET24: =AD24 -> 0 | EU24: =AF24 -> 40 | EW24: =W24 -> 0 | EX24: =X24 -> 0 | EY24: =Y24 -> 0 | EZ24: =Z24 -> 0 | FA24: =AP24 -> Rerun @ 16/09/2026 Figure from SIGMA EPF, W.C from RZK lab Started up 8/2/2023 Last W/O 01/2023 (I/C to ALM-DOL), ON 20-02-2023 RAN ESP | FB24: =IF(OR(E24="SI",B24="",E24="T&A"),"",VLOOKUP(B24,WELL_FIELD,2)) -> RAFIKI
B25: NERZK A-01X | C25: LBAH | E25: SRP | F25: 24 | G25: =IF(OR(WSTATUS="T&A",DTCAUSE="PUMP OFF MODE",DTCAUSE="UNDER LOAD"),0,BOPD/24*(24-HOURS)) -> 0 | I25: 0 | J25: Spool | K25: 20 | L25: 18 | M25: 0 | N25: OP | O25: 108 | P25: 46142 | Q25: 5981 | R25: 100 | S25: 146 | U25: 6163 | V25: 2.25 | W25: 100 | X25: 206 | Y25: 91 | Z25: 80 | AA25: C-912 | AB25: 4.2 | AC25: 146 | AI25: =AN25/24*F25 -> 135.42 | AJ25: 46284 | AK25: 222 | AM25: 39 | AN25: =IF(BFPD=0,0,BFPD*(1-BSW/100)) -> 135.42 | AO25: 61000 | AP25: Last W/O 11/2024 (I/C, ISRPI), Started up 09/12/2024 | BJ25: =+IF(E25="SI",0,AK25*AM25/100) -> 86.58 | CW25: KHALDA_WELL | CX25: =REPORTDATE-1 -> 46284 | CY25: =$CV$3&B25 -> 9NERZK A-01X | CZ25: =J25 -> Spool | DA25: =K25 -> 20 | DB25: =F25 -> 24 | DC25: =IF(DB25=0,"SI",E25) -> SRP | DF25: =O25 -> 108 | DG25: =AA25 -> C-912 | DH25: =AB25 -> 4.2 | DI25: =AC25 -> 146 | DJ25: =AD25 -> 0 | DK25: =AE25 -> 0 | DN25: =AF25 -> 0 | DO25: =AI25 -> 135.42 | DP25: =IF(H25="","",H25) | DQ25: =AN25/24*HOURS -> 135.42 | DR25: =I25 -> 0 | DS25: =IF(OR(E25="SI",B25="",E25="T&A"),"",VLOOKUP(B25,WELL_FIELD,2)) -> NERZK A | DY25: =IF(B25="","","KHALDA_WELL") -> KHALDA_WELL | DZ25: =REPORTDATE-1 -> 46284 | EA25: =B25 -> NERZK A-01X | EB25: =J25 -> Spool | EC25: =K25 -> 20 | ED25: =F25 -> 24 | EE25: =IF(DB25=0,"SI",E25) -> SRP | EH25: =IF(H25="","",H25) | EI25: =AI25 -> 135.42 | EJ25: =V25 -> 2.25 | EK25: =G25 -> 0 | EN25: =AB25 -> 4.2 | EP25: =AC25 -> 146 | EQ25: =AE25 -> 0 | ET25: =AD25 -> 0 | EU25: =AF25 -> 0 | EW25: =W25 -> 100 | EX25: =X25 -> 206 | EY25: =Y25 -> 91 | EZ25: =Z25 -> 80 | FA25: =AP25 -> Last W/O 11/2024 (I/C, ISRPI), Started up 09/12/2024 | FB25: =IF(OR(E25="SI",B25="",E25="T&A"),"",VLOOKUP(B25,WELL_FIELD,2)) -> NERZK A
B26: MRZK-07 | C26: LBAH | D26: ESP(SN3600) | E26: ESP | F26: 22 | G26: =IF(OR(WSTATUS="T&A",DTCAUSE="PUMP OFF MODE",DTCAUSE="UNDER LOAD"),0,BOPD/24*(24-HOURS)) -> 4.70968 | H26: Generator (Planned) | I26: 0 | J26: Spool | K26: 70 | L26: 70 | M26: 70 | N26: OP | O26: 170 | P26: 46211 | Q26: 447 | R26: 100 | S26: 3313 | U26: 3760 | V26: SN3600 | AE26: 27 | AF26: 50 | AG26: 36.7 | AH26: =IF(AG26="","",AE26/AG26*100) -> 73.569482 | AI26: =AN26/24*F26 -> 51.80648 | AJ26: 46181 | AK26: 3758 | AM26: 98.496111 | AN26: =IF(BFPD=0,0,BFPD*(1-BSW/100)) -> 56.51616 | AO26: 55000 | AP26: Last W/O 06/2015 (P/R), Started up 10/06/2015 | BJ26: =+IF(E26="SI",0,AK26*AM26/100) -> 3701.4838 | CW26: KHALDA_WELL | CX26: =REPORTDATE-1 -> 46284 | CY26: =$CV$3&B26 -> 9MRZK-07 | CZ26: =J26 -> Spool | DA26: =K26 -> 70 | DB26: =F26 -> 22 | DC26: =IF(DB26=0,"SI",E26) -> ESP | DF26: =O26 -> 170 | DG26: =AA26 -> 0 | DH26: =AB26 -> 0 | DI26: =AC26 -> 0 | DJ26: =AD26 -> 0 | DK26: =AE26 -> 27 | DN26: =AF26 -> 50 | DO26: =AI26 -> 51.80648 | DP26: =IF(H26="","",H26) -> Generator (Planned) | DQ26: =AN26/24*HOURS -> 51.80648 | DR26: =I26 -> 0 | DS26: =IF(OR(E26="SI",B26="",E26="T&A"),"",VLOOKUP(B26,WELL_FIELD,2)) -> MAIN | DY26: =IF(B26="","","KHALDA_WELL") -> KHALDA_WELL | DZ26: =REPORTDATE-1 -> 46284 | EA26: =B26 -> MRZK-07 | EB26: =J26 -> Spool | EC26: =K26 -> 70 | ED26: =F26 -> 22 | EE26: =IF(DB26=0,"SI",E26) -> ESP | EH26: =IF(H26="","",H26) -> Generator (Planned) | EI26: =AI26 -> 51.80648 | EJ26: =V26 -> SN3600 | EK26: =G26 -> 4.70968 | EN26: =AB26 -> 0 | EP26: =AC26 -> 0 | EQ26: =AE26 -> 27 | ET26: =AD26 -> 0 | EU26: =AF26 -> 50 | EW26: =W26 -> 0 | EX26: =X26 -> 0 | EY26: =Y26 -> 0 | EZ26: =Z26 -> 0 | FA26: =AP26 -> Last W/O 06/2015 (P/R), Started up 10/06/2015 | FB26: =IF(OR(E26="SI",B26="",E26="T&A"),"",VLOOKUP(B26,WELL_FIELD,2)) -> MAIN
B27: MRZK-28A | C27: BAH | D27: ESP | E27: ESP | F27: 24 | G27: =IF(OR(WSTATUS="T&A",DTCAUSE="PUMP OFF MODE",DTCAUSE="UNDER LOAD"),0,BOPD/24*(24-HOURS)) -> 0 | I27: 0 | J27: Open | K27: 90 | L27: 80 | M27: 90 | N27: OP | O27: 142 | P27: 46199 | Q27: 4384 | R27: 87 | S27: 915 | U27: 5479 | V27: 400-1700 | AE27: 33 | AF27: 60 | AG27: 36 | AH27: =IF(AG27="","",AE27/AG27*100) -> 91.666667 | AI27: =AN27/24*F27 -> 206.8 | AJ27: 46281 | AK27: 752 | AM27: 72.5 | AN27: =IF(BFPD=0,0,BFPD*(1-BSW/100)) -> 206.8 | AO27: 43000 | AP27: Last W/O 01/2024 (R/C), Started up 25/1/2024 | BJ27: =+IF(E27="SI",0,AK27*AM27/100) -> 545.2 | CW27: KHALDA_WELL | CX27: =REPORTDATE-1 -> 46284 | CY27: =$CV$3&B27 -> 9MRZK-28A | CZ27: =J27 -> Open | DA27: =K27 -> 90 | DB27: =F27 -> 24 | DC27: =IF(DB27=0,"SI",E27) -> ESP | DF27: =O27 -> 142 | DG27: =AA27 -> 0 | DH27: =AB27 -> 0 | DI27: =AC27 -> 0 | DJ27: =AD27 -> 0 | DK27: =AE27 -> 33 | DN27: =AF27 -> 60 | DO27: =AI27 -> 206.8 | DP27: =IF(H27="","",H27) | DQ27: =AN27/24*HOURS -> 206.8 | DR27: =I27 -> 0 | DS27: =IF(OR(E27="SI",B27="",E27="T&A"),"",VLOOKUP(B27,WELL_FIELD,2)) -> MAIN | DY27: =IF(B27="","","KHALDA_WELL") -> KHALDA_WELL | DZ27: =REPORTDATE-1 -> 46284 | EA27: =B27 -> MRZK-28A | EB27: =J27 -> Open | EC27: =K27 -> 90 | ED27: =F27 -> 24 | EE27: =IF(DB27=0,"SI",E27) -> ESP | EH27: =IF(H27="","",H27) | EI27: =AI27 -> 206.8 | EJ27: =V27 -> 400-1700 | EK27: =G27 -> 0 | EN27: =AB27 -> 0 | EP27: =AC27 -> 0 | EQ27: =AE27 -> 33 | ET27: =AD27 -> 0 | EU27: =AF27 -> 60 | EW27: =W27 -> 0 | EX27: =X27 -> 0 | EY27: =Y27 -> 0 | EZ27: =Z27 -> 0 | FA27: =AP27 -> Last W/O 01/2024 (R/C), Started up 25/1/2024 | FB27: =IF(OR(E27="SI",B27="",E27="T&A"),"",VLOOKUP(B27,WELL_FIELD,2)) -> MAIN
B28: MRZK-29 | C28: ALMDOL | D28: NF | E28: NF | F28: 24 | G28: =IF(OR(WSTATUS="T&A",DTCAUSE="PUMP OFF MODE",DTCAUSE="UNDER LOAD"),0,BOPD/24*(24-HOURS)) -> 0 | I28: 0 | J28: 20 | L28: 80 | M28: 420 | N28: OP | O28: 86 | S28: N.F | AH28: =IF(AG28="","",AE28/AG28*100) | AI28: =AN28/24*F28 -> 57.9735 | AJ28: 45851 | AK28: 58.5 | AM28: 0.9 | AN28: =IF(BFPD=0,0,BFPD*(1-BSW/100)) -> 57.9735 | AP28: Intermittent flow. | BJ28: =+IF(E28="SI",0,AK28*AM28/100) -> 0.5265 | CW28: KHALDA_WELL | CX28: =REPORTDATE-1 -> 46284 | CY28: =$CV$3&B28 -> 9MRZK-29 | CZ28: =J28 -> 20 | DA28: =K28 -> 0 | DB28: =F28 -> 24 | DC28: =IF(DB28=0,"SI",E28) -> NF | DF28: =O28 -> 86 | DG28: =AA28 -> 0 | DH28: =AB28 -> 0 | DI28: =AC28 -> 0 | DJ28: =AD28 -> 0 | DK28: =AE28 -> 0 | DN28: =AF28 -> 0 | DO28: =AI28 -> 57.9735 | DP28: =IF(H28="","",H28) | DQ28: =AN28/24*HOURS -> 57.9735 | DR28: =I28 -> 0 | DS28: =IF(OR(E28="SI",B28="",E28="T&A"),"",VLOOKUP(B28,WELL_FIELD,2)) -> MAIN | DY28: =IF(B28="","","KHALDA_WELL") -> KHALDA_WELL | DZ28: =REPORTDATE-1 -> 46284 | EA28: =B28 -> MRZK-29 | EB28: =J28 -> 20 | EC28: =K28 -> 0 | ED28: =F28 -> 24 | EE28: =IF(DB28=0,"SI",E28) -> NF | EH28: =IF(H28="","",H28) | EI28: =AI28 -> 57.9735 | EJ28: =V28 -> 0 | EK28: =G28 -> 0 | EN28: =AB28 -> 0 | EP28: =AC28 -> 0 | EQ28: =AE28 -> 0 | ET28: =AD28 -> 0 | EU28: =AF28 -> 0 | EW28: =W28 -> 0 | EX28: =X28 -> 0 | EY28: =Y28 -> 0 | EZ28: =Z28 -> 0 | FA28: =AP28 -> Intermittent flow. | FB28: =IF(OR(E28="SI",B28="",E28="T&A"),"",VLOOKUP(B28,WELL_FIELD,2)) -> MAIN
B29: MRZK-44 | C29: LBAH | D29: ESP(SN3600) | E29: ESP | F29: 24 | G29: =IF(OR(WSTATUS="T&A",DTCAUSE="PUMP OFF MODE",DTCAUSE="UNDER LOAD"),0,BOPD/24*(24-HOURS)) -> 0 | I29: 0 | J29: 128 | K29: 200 | L29: 200 | M29: 0 | N29: CL | O29: 176 | P29: 46211 | Q29: 1763 | R29: 100 | S29: 3708 | U29: 5540 | V29: G6200N | AE29: 61 | AF29: 50 | AG29: 67.7 | AH29: =IF(AG29="","",AE29/AG29*100) -> 90.103397 | AI29: =AN29/24*F29 -> 60.696886 | AJ29: 46268 | AK29: 5608 | AM29: 98.917673 | AN29: =IF(BFPD=0,0,BFPD*(1-BSW/100)) -> 60.696886 | AO29: 55000 | AP29: Started up 14/06/2022 Last W/O 06/2022 (R/C to LBAH-R4) | BJ29: =+IF(E29="SI",0,AK29*AM29/100) -> 5547.3031 | CW29: KHALDA_WELL | CX29: =REPORTDATE-1 -> 46284 | CY29: =$CV$3&B29 -> 9MRZK-44 | CZ29: =J29 -> 128 | DA29: =K29 -> 200 | DB29: =F29 -> 24 | DC29: =IF(DB29=0,"SI",E29) -> ESP | DF29: =O29 -> 176 | DG29: =AA29 -> 0 | DH29: =AB29 -> 0 | DI29: =AC29 -> 0 | DJ29: =AD29 -> 0 | DK29: =AE29 -> 61 | DN29: =AF29 -> 50 | DO29: =AI29 -> 60.696886 | DP29: =IF(H29="","",H29) | DQ29: =AN29/24*HOURS -> 60.696886 | DR29: =I29 -> 0 | DS29: =IF(OR(E29="SI",B29="",E29="T&A"),"",VLOOKUP(B29,WELL_FIELD,2)) -> MAIN | DY29: =IF(B29="","","KHALDA_WELL") -> KHALDA_WELL | DZ29: =REPORTDATE-1 -> 46284 | EA29: =B29 -> MRZK-44 | EB29: =J29 -> 128 | EC29: =K29 -> 200 | ED29: =F29 -> 24 | EE29: =IF(DB29=0,"SI",E29) -> ESP | EH29: =IF(H29="","",H29) | EI29: =AI29 -> 60.696886 | EJ29: =V29 -> G6200N | EK29: =G29 -> 0 | EN29: =AB29 -> 0 | EP29: =AC29 -> 0 | EQ29: =AE29 -> 61 | ET29: =AD29 -> 0 | EU29: =AF29 -> 50 | EW29: =W29 -> 0 | EX29: =X29 -> 0 | EY29: =Y29 -> 0 | EZ29: =Z29 -> 0 | FA29: =AP29 -> Started up 14/06/2022 Last W/O 06/2022 (R/C to LBAH-R4) | FB29: =IF(OR(E29="SI",B29="",E29="T&A"),"",VLOOKUP(B29,WELL_FIELD,2)) -> MAIN
B30: MRZK-52 | C30: BAH | D30: ESP(SN2600) | E30: SRP | F30: 24 | G30: =IF(OR(WSTATUS="T&A",DTCAUSE="PUMP OFF MODE",DTCAUSE="UNDER LOAD"),0,BOPD/24*(24-HOURS)) -> 0 | I30: 0 | J30: Spool | K30: 150 | L30: 130 | N30: OP | O30: 85 | P30: 46262 | Q30: 5110 | R30: 73 | S30: 660 | U30: 6586 | V30: 1.25" | W30: 100 | X30: 141 | Y30: 96 | Z30: 80 | AA30: C-640 | AB30: 6.6 | AC30: 144 | AD30: 950 | AH30: =IF(AG30="","",AE30/AG30*100) | AI30: =AN30/24*F30 -> 64.25 | AJ30: 46246 | AK30: 125 | AM30: 48.6 | AN30: =IF(BFPD=0,0,BFPD*(1-BSW/100)) -> 64.25 | AO30: 40000 | AP30: Started up 20/11/2025 Last W/O 11/2025 (R/C UBAH CMT Squeezed, LBAH reperforated) | BJ30: =+IF(E30="SI",0,AK30*AM30/100) -> 60.75 | CW30: KHALDA_WELL | CX30: =REPORTDATE-1 -> 46284 | CY30: =$CV$3&B30 -> 9MRZK-52 | CZ30: =J30 -> Spool | DA30: =K30 -> 150 | DB30: =F30 -> 24 | DC30: =IF(DB30=0,"SI",E30) -> SRP | DF30: =O30 -> 85 | DG30: =AA30 -> C-640 | DH30: =AB30 -> 6.6 | DI30: =AC30 -> 144 | DJ30: =AD30 -> 950 | DK30: =AE30 -> 0 | DN30: =AF30 -> 0 | DO30: =AI30 -> 64.25 | DP30: =IF(H30="","",H30) | DQ30: =AN30/24*HOURS -> 64.25 | DR30: =I30 -> 0 | DS30: =IF(OR(E30="SI",B30="",E30="T&A"),"",VLOOKUP(B30,WELL_FIELD,2)) -> MAIN | DY30: =IF(B30="","","KHALDA_WELL") -> KHALDA_WELL | DZ30: =REPORTDATE-1 -> 46284 | EA30: =B30 -> MRZK-52 | EB30: =J30 -> Spool | EC30: =K30 -> 150 | ED30: =F30 -> 24 | EE30: =IF(DB30=0,"SI",E30) -> SRP | EH30: =IF(H30="","",H30) | EI30: =AI30 -> 64.25 | EJ30: =V30 -> 1.25" | EK30: =G30 -> 0 | EN30: =AB30 -> 6.6 | EP30: =AC30 -> 144 | EQ30: =AE30 -> 0 | ET30: =AD30 -> 950 | EU30: =AF30 -> 0 | EW30: =W30 -> 100 | EX30: =X30 -> 141 | EY30: =Y30 -> 96 | EZ30: =Z30 -> 80 | FA30: =AP30 -> Started up 20/11/2025 Last W/O 11/2025 (R/C UBAH CMT Squeezed, LBAH reperforated) | FB30: =IF(OR(E30="SI",B30="",E30="T&A"),"",VLOOKUP(B30,WELL_FIELD,2)) -> MAIN
B31: MRZK-75 | C31: ARG | D31: ESP(GN1600) | E31: ESP | F31: 23 | G31: =IF(OR(WSTATUS="T&A",DTCAUSE="PUMP OFF MODE",DTCAUSE="UNDER LOAD"),0,BOPD/24*(24-HOURS)) -> 0.57878333 | H31: Generator (Planned) | I31: 260 | J31: Spool | K31: 80 | L31: 70 | N31: OP | O31: 109 | P31: 46204 | Q31: 3822.83 | R31: 82 | S31: 1642 | U31: 5821 | V31: DN1150 | AE31: 16 | AF31: 50 | AG31: 24.4 | AH31: =IF(AG31="","",AE31/AG31*100) -> 65.57377 | AI31: =AN31/24*F31 -> 13.312017 | AJ31: 46235 | AK31: 484 | AM31: 97.13 | AN31: =IF(BFPD=0,0,BFPD*(1-BSW/100)) -> 13.8908 | AO31: 54000 | AP31: Last W/O 12/2018 (pump downgrade), Started up 31/12/2018 | BJ31: =+IF(E31="SI",0,AK31*AM31/100) -> 470.1092 | CW31: KHALDA_WELL | CX31: =REPORTDATE-1 -> 46284 | CY31: =$CV$3&B31 -> 9MRZK-75 | CZ31: =J31 -> Spool | DA31: =K31 -> 80 | DB31: =F31 -> 23 | DC31: =IF(DB31=0,"SI",E31) -> ESP | DF31: =O31 -> 109 | DG31: =AA31 -> 0 | DH31: =AB31 -> 0 | DI31: =AC31 -> 0 | DJ31: =AD31 -> 0 | DK31: =AE31 -> 16 | DN31: =AF31 -> 50 | DO31: =AI31 -> 13.312017 | DP31: =IF(H31="","",H31) -> Generator (Planned) | DQ31: =AN31/24*HOURS -> 13.312017 | DR31: =I31 -> 260 | DS31: =IF(OR(E31="SI",B31="",E31="T&A"),"",VLOOKUP(B31,WELL_FIELD,2)) -> MAIN | DY31: =IF(B31="","","KHALDA_WELL") -> KHALDA_WELL | DZ31: =REPORTDATE-1 -> 46284 | EA31: =B31 -> MRZK-75 | EB31: =J31 -> Spool | EC31: =K31 -> 80 | ED31: =F31 -> 23 | EE31: =IF(DB31=0,"SI",E31) -> ESP | EH31: =IF(H31="","",H31) -> Generator (Planned) | EI31: =AI31 -> 13.312017 | EJ31: =V31 -> DN1150 | EK31: =G31 -> 0.57878333 | EN31: =AB31 -> 0 | EP31: =AC31 -> 0 | EQ31: =AE31 -> 16 | ET31: =AD31 -> 0 | EU31: =AF31 -> 50 | EW31: =W31 -> 0 | EX31: =X31 -> 0 | EY31: =Y31 -> 0 | EZ31: =Z31 -> 0 | FA31: =AP31 -> Last W/O 12/2018 (pump downgrade), Started up 31/12/2018 | FB31: =IF(OR(E31="SI",B31="",E31="T&A"),"",VLOOKUP(B31,WELL_FIELD,2)) -> MAIN
B32: MRZK-76 | C32: BAH | D32: ESP(SN2600) | E32: ESP | F32: 22 | G32: =IF(OR(WSTATUS="T&A",DTCAUSE="PUMP OFF MODE",DTCAUSE="UNDER LOAD"),0,BOPD/24*(24-HOURS)) -> 7.9256667 | H32: Generator (Planned) | I32: 0 | J32: Spool | K32: 80 | L32: 75 | N32: OP | O32: 152 | P32: 46146 | Q32: 2901.38 | R32: 100 | S32: 2531 | U32: 5469 | V32: FLEX-17.5 | AE32: 26 | AF32: 59 | AG32: 34 | AH32: =IF(AG32="","",AE32/AG32*100) -> 76.470588 | AI32: =AN32/24*F32 -> 87.182333 | AJ32: 46285 | AK32: 1180 | AM32: 91.94 | AN32: =IF(BFPD=0,0,BFPD*(1-BSW/100)) -> 95.108 | AO32: 64000 | AP32: On 10-10-2021, start up pump after W/O ( TBG & pump replacment F/GN1600 T/FLEX-17.5) ON 8-Dec-2021, step up Gen freq. F/50 T/52 HZ ON 23-Dec-2021,Replaced the existing SWB by VSD, Step up VSD Freq. to 56 HZ ON 10-June-2022, Step up VSD Freq. to 59 HZ | BJ32: =+IF(E32="SI",0,AK32*AM32/100) -> 1084.892 | CW32: KHALDA_WELL | CX32: =REPORTDATE-1 -> 46284 | CY32: =$CV$3&B32 -> 9MRZK-76 | CZ32: =J32 -> Spool | DA32: =K32 -> 80 | DB32: =F32 -> 22 | DC32: =IF(DB32=0,"SI",E32) -> ESP | DF32: =O32 -> 152 | DG32: =AA32 -> 0 | DH32: =AB32 -> 0 | DI32: =AC32 -> 0 | DJ32: =AD32 -> 0 | DK32: =AE32 -> 26 | DN32: =AF32 -> 59 | DO32: =AI32 -> 87.182333 | DP32: =IF(H32="","",H32) -> Generator (Planned) | DQ32: =AN32/24*HOURS -> 87.182333 | DR32: =I32 -> 0 | DS32: =IF(OR(E32="SI",B32="",E32="T&A"),"",VLOOKUP(B32,WELL_FIELD,2)) -> MAIN | DY32: =IF(B32="","","KHALDA_WELL") -> KHALDA_WELL | DZ32: =REPORTDATE-1 -> 46284 | EA32: =B32 -> MRZK-76 | EB32: =J32 -> Spool | EC32: =K32 -> 80 | ED32: =F32 -> 22 | EE32: =IF(DB32=0,"SI",E32) -> ESP | EH32: =IF(H32="","",H32) -> Generator (Planned) | EI32: =AI32 -> 87.182333 | EJ32: =V32 -> FLEX-17.5 | EK32: =G32 -> 7.9256667 | EN32: =AB32 -> 0 | EP32: =AC32 -> 0 | EQ32: =AE32 -> 26 | ET32: =AD32 -> 0 | EU32: =AF32 -> 59 | EW32: =W32 -> 0 | EX32: =X32 -> 0 | EY32: =Y32 -> 0 | EZ32: =Z32 -> 0 | FA32: =AP32 -> On 10-10-2021, start up pump after W/O ( TBG & pump replacment F/GN1600 T/FLEX-17.5) ON 8-Dec-2021, step up Gen freq. F/50 T/52 HZ ON 23-Dec-2021,Replaced the existing SWB by VSD, Step up VSD Freq. to 56 HZ ON 10-June-2022, Step up VSD Freq. to 59 HZ | FB32: =IF(OR(E32="SI",B32="",E32="T&A"),"",VLOOKUP(B32,WELL_FIELD,2)) -> MAIN
B33: MRZK-97 | C33: ARG | D33: ESP(DN1050) | E33: ESP | F33: 23 | G33: =IF(OR(WSTATUS="T&A",DTCAUSE="PUMP OFF MODE",DTCAUSE="UNDER LOAD"),0,BOPD/24*(24-HOURS)) -> 0.408 | H33: Generator (Planned) | I33: 90 | J33: 128 | K33: 80 | L33: 70 | N33: OP | O33: 117 | P33: 45974 | Q33: 3610.84 | R33: 91 | S33: 1882 | U33: 5829 | V33: D800N | AE33: 11 | AF33: 50 | AG33: 24.4 | AH33: =IF(AG33="","",AE33/AG33*100) -> 45.081967 | AI33: =AN33/24*F33 -> 9.384 | AJ33: 46235 | AK33: 288 | AM33: 96.6 | AN33: =IF(BFPD=0,0,BFPD*(1-BSW/100)) -> 9.792 | AO33: 55000 | AP33: Last W/O 10/2017 (P/R), Started up 30/10/2017 | BJ33: =+IF(E33="SI",0,AK33*AM33/100) -> 278.208 | CW33: KHALDA_WELL | CX33: =REPORTDATE-1 -> 46284 | CY33: =$CV$3&B33 -> 9MRZK-97 | CZ33: =J33 -> 128 | DA33: =K33 -> 80 | DB33: =F33 -> 23 | DC33: =IF(DB33=0,"SI",E33) -> ESP | DF33: =O33 -> 117 | DG33: =AA33 -> 0 | DH33: =AB33 -> 0 | DI33: =AC33 -> 0 | DJ33: =AD33 -> 0 | DK33: =AE33 -> 11 | DN33: =AF33 -> 50 | DO33: =AI33 -> 9.384 | DP33: =IF(H33="","",H33) -> Generator (Planned) | DQ33: =AN33/24*HOURS -> 9.384 | DR33: =I33 -> 90 | DS33: =IF(OR(E33="SI",B33="",E33="T&A"),"",VLOOKUP(B33,WELL_FIELD,2)) -> MAIN | DY33: =IF(B33="","","KHALDA_WELL") -> KHALDA_WELL | DZ33: =REPORTDATE-1 -> 46284 | EA33: =B33 -> MRZK-97 | EB33: =J33 -> 128 | EC33: =K33 -> 80 | ED33: =F33 -> 23 | EE33: =IF(DB33=0,"SI",E33) -> ESP | EH33: =IF(H33="","",H33) -> Generator (Planned) | EI33: =AI33 -> 9.384 | EJ33: =V33 -> D800N | EK33: =G33 -> 0.408 | EN33: =AB33 -> 0 | EP33: =AC33 -> 0 | EQ33: =AE33 -> 11 | ET33: =AD33 -> 0 | EU33: =AF33 -> 50 | EW33: =W33 -> 0 | EX33: =X33 -> 0 | EY33: =Y33 -> 0 | EZ33: =Z33 -> 0 | FA33: =AP33 -> Last W/O 10/2017 (P/R), Started up 30/10/2017 | FB33: =IF(OR(E33="SI",B33="",E33="T&A"),"",VLOOKUP(B33,WELL_FIELD,2)) -> MAIN
B34: MRZK-102H | C34: ARG | D34: ESP(GN1600) | E34: ESP | F34: 24 | G34: =IF(OR(WSTATUS="T&A",DTCAUSE="PUMP OFF MODE",DTCAUSE="UNDER LOAD"),0,BOPD/24*(24-HOURS)) -> 0 | I34: 300 | J34: 128 | K34: 160 | L34: 150 | N34: OP | O34: 158 | P34: 46264 | Q34: 3666.32 | R34: 86 | S34: 1130 | U34: 5036 | V34: GN3200 | AE34: 46 | AF34: 50 | AG34: 62 | AH34: =IF(AG34="","",AE34/AG34*100) -> 74.193548 | AI34: =AN34/24*F34 -> 55.3932 | AJ34: 46244 | AK34: 2007 | AM34: 97.24 | AN34: =IF(BFPD=0,0,BFPD*(1-BSW/100)) -> 55.3932 | AO34: 61000 | AP34: Last W/O 09/2025 (P/R). | BJ34: =+IF(E34="SI",0,AK34*AM34/100) -> 1951.6068 | CW34: KHALDA_WELL | CX34: =REPORTDATE-1 -> 46284 | CY34: =$CV$3&B34 -> 9MRZK-102H | CZ34: =J34 -> 128 | DA34: =K34 -> 160 | DB34: =F34 -> 24 | DC34: =IF(DB34=0,"SI",E34) -> ESP | DF34: =O34 -> 158 | DG34: =AA34 -> 0 | DH34: =AB34 -> 0 | DI34: =AC34 -> 0 | DJ34: =AD34 -> 0 | DK34: =AE34 -> 46 | DN34: =AF34 -> 50 | DO34: =AI34 -> 55.3932 | DP34: =IF(H34="","",H34) | DQ34: =AN34/24*HOURS -> 55.3932 | DR34: =I34 -> 300 | DS34: =IF(OR(E34="SI",B34="",E34="T&A"),"",VLOOKUP(B34,WELL_FIELD,2)) -> MAIN | DY34: =IF(B34="","","KHALDA_WELL") -> KHALDA_WELL | DZ34: =REPORTDATE-1 -> 46284 | EA34: =B34 -> MRZK-102H | EB34: =J34 -> 128 | EC34: =K34 -> 160 | ED34: =F34 -> 24 | EE34: =IF(DB34=0,"SI",E34) -> ESP | EH34: =IF(H34="","",H34) | EI34: =AI34 -> 55.3932 | EJ34: =V34 -> GN3200 | EK34: =G34 -> 0 | EN34: =AB34 -> 0 | EP34: =AC34 -> 0 | EQ34: =AE34 -> 46 | ET34: =AD34 -> 0 | EU34: =AF34 -> 50 | EW34: =W34 -> 0 | EX34: =X34 -> 0 | EY34: =Y34 -> 0 | EZ34: =Z34 -> 0 | FA34: =AP34 -> Last W/O 09/2025 (P/R). | FB34: =IF(OR(E34="SI",B34="",E34="T&A"),"",VLOOKUP(B34,WELL_FIELD,2)) -> MAIN
B35: MRZK-103 | C35: BAH/ARG | D35: ESP(SN3600) | E35: SRP | F35: 24 | G35: =IF(OR(WSTATUS="T&A",DTCAUSE="PUMP OFF MODE",DTCAUSE="UNDER LOAD"),0,BOPD/24*(24-HOURS)) -> 0 | I35: 8 | J35: Spool | K35: 110 | L35: 120 | M35: 0 | N35: OP | O35: 123 | P35: 46264 | Q35: 2039.16 | R35: 100 | S35: 3619 | U35: 5669 | V35: 2.25 | W35: 100 | X35: 418 | Y35: 99 | Z35: 80 | AA35: C-912 | AB35: 4.99 | AC35: 168 | AD35: 950 | AI35: =AN35/24*F35 -> 42.93 | AJ35: 46241 | AK35: 405 | AM35: 89.4 | AN35: =IF(BFPD=0,0,BFPD*(1-BSW/100)) -> 42.93 | AO35: 50000 | AP35: Started up 08-07-2026 Last W/O June-2026 (RC & SRPR) | BJ35: =+IF(E35="SI",0,AK35*AM35/100) -> 362.07 | CW35: KHALDA_WELL | CX35: =REPORTDATE-1 -> 46284 | CY35: =$CV$3&B35 -> 9MRZK-103 | CZ35: =J35 -> Spool | DA35: =K35 -> 110 | DB35: =F35 -> 24 | DC35: =IF(DB35=0,"SI",E35) -> SRP | DF35: =O35 -> 123 | DG35: =AA35 -> C-912 | DH35: =AB35 -> 4.99 | DI35: =AC35 -> 168 | DJ35: =AD35 -> 950 | DK35: =AE35 -> 0 | DN35: =AF35 -> 0 | DO35: =AI35 -> 42.93 | DP35: =IF(H35="","",H35) | DQ35: =AN35/24*HOURS -> 42.93 | DR35: =I35 -> 8 | DS35: =IF(OR(E35="SI",B35="",E35="T&A"),"",VLOOKUP(B35,WELL_FIELD,2)) -> MAIN | DY35: =IF(B35="","","KHALDA_WELL") -> KHALDA_WELL | DZ35: =REPORTDATE-1 -> 46284 | EA35: =B35 -> MRZK-103 | EB35: =J35 -> Spool | EC35: =K35 -> 110 | ED35: =F35 -> 24 | EE35: =IF(DB35=0,"SI",E35) -> SRP | EH35: =IF(H35="","",H35) | EI35: =AI35 -> 42.93 | EJ35: =V35 -> 2.25 | EK35: =G35 -> 0 | EN35: =AB35 -> 4.99 | EP35: =AC35 -> 168 | EQ35: =AE35 -> 0 | ET35: =AD35 -> 950 | EU35: =AF35 -> 0 | EW35: =W35 -> 100 | EX35: =X35 -> 418 | EY35: =Y35 -> 99 | EZ35: =Z35 -> 80 | FA35: =AP35 -> Started up 08-07-2026 Last W/O June-2026 (RC & SRPR) | FB35: =IF(OR(E35="SI",B35="",E35="T&A"),"",VLOOKUP(B35,WELL_FIELD,2)) -> MAIN
B36: MRZK-104 | C36: BAH | E36: SRP | F36: 24 | G36: =IF(OR(WSTATUS="T&A",DTCAUSE="PUMP OFF MODE",DTCAUSE="UNDER LOAD"),0,BOPD/24*(24-HOURS)) -> 0 | I36: 20 | J36: Spool | K36: 100 | M36: 0 | N36: OP | O36: 121 | P36: 46211 | Q36: 2735 | R36: 100 | S36: 2639 | U36: 5385 | V36: 1.75 | W36: 100 | X36: 391 | Y36: 99 | Z36: 80 | AA36: C-912 | AB36: 7.6 | AC36: 168 | AD36: 950 | AH36: =IF(AG36="","",AE36/AG36*100) | AI36: =AN36/24*F36 -> 6.001 | AJ36: 46150 | AK36: 353 | AM36: 98.3 | AN36: =IF(BFPD=0,0,BFPD*(1-BSW/100)) -> 6.001 | AO36: 49000 | AP36: Last W/O 08/2019 (P/R), Started up 05/09/2020 | BJ36: =+IF(E36="SI",0,AK36*AM36/100) -> 346.999 | CW36: KHALDA_WELL | CX36: =REPORTDATE-1 -> 46284 | CY36: =$CV$3&B36 -> 9MRZK-104 | CZ36: =J36 -> Spool | DA36: =K36 -> 100 | DB36: =F36 -> 24 | DC36: =IF(DB36=0,"SI",E36) -> SRP | DF36: =O36 -> 121 | DG36: =AA36 -> C-912 | DH36: =AB36 -> 7.6 | DI36: =AC36 -> 168 | DJ36: =AD36 -> 950 | DK36: =AE36 -> 0 | DN36: =AF36 -> 0 | DO36: =AI36 -> 6.001 | DP36: =IF(H36="","",H36) | DQ36: =AN36/24*HOURS -> 6.001 | DR36: =I36 -> 20 | DS36: =IF(OR(E36="SI",B36="",E36="T&A"),"",VLOOKUP(B36,WELL_FIELD,2)) -> MAIN | DY36: =IF(B36="","","KHALDA_WELL") -> KHALDA_WELL | DZ36: =REPORTDATE-1 -> 46284 | EA36: =B36 -> MRZK-104 | EB36: =J36 -> Spool | EC36: =K36 -> 100 | ED36: =F36 -> 24 | EE36: =IF(DB36=0,"SI",E36) -> SRP | EH36: =IF(H36="","",H36) | EI36: =AI36 -> 6.001 | EJ36: =V36 -> 1.75 | EK36: =G36 -> 0 | EN36: =AB36 -> 7.6 | EP36: =AC36 -> 168 | EQ36: =AE36 -> 0 | ET36: =AD36 -> 950 | EU36: =AF36 -> 0 | EW36: =W36 -> 100 | EX36: =X36 -> 391 | EY36: =Y36 -> 99 | EZ36: =Z36 -> 80 | FA36: =AP36 -> Last W/O 08/2019 (P/R), Started up 05/09/2020 | FB36: =IF(OR(E36="SI",B36="",E36="T&A"),"",VLOOKUP(B36,WELL_FIELD,2)) -> MAIN
B37: MRZK-105 | C37: ARG | D37: ESP(DN1150) | E37: ESP | F37: 24 | G37: =IF(OR(WSTATUS="T&A",DTCAUSE="PUMP OFF MODE",DTCAUSE="UNDER LOAD"),0,BOPD/24*(24-HOURS)) -> 0 | J37: Spool | K37: 110 | L37: 110 | N37: OP | O37: 149 | P37: 46204 | Q37: 5243.61 | R37: 57 | S37: 247 | U37: 5793 | V37: DN1150 | AE37: 33 | AF37: 50 | AG37: 61.1 | AH37: =IF(AG37="","",AE37/AG37*100) -> 54.00982 | AI37: =AN37/24*F37 -> 32.214 | AJ37: 46244 | AK37: 767 | AM37: 95.8 | AN37: =IF(BFPD=0,0,BFPD*(1-BSW/100)) -> 32.214 | AO37: 61000 | AP37: Last W/O 04/2025 (P/R), Started-up 30-04-2025 | BJ37: =+IF(E37="SI",0,AK37*AM37/100) -> 734.786 | CW37: KHALDA_WELL | CX37: =REPORTDATE-1 -> 46284 | CY37: =$CV$3&B37 -> 9MRZK-105 | CZ37: =J37 -> Spool | DA37: =K37 -> 110 | DB37: =F37 -> 24 | DC37: =IF(DB37=0,"SI",E37) -> ESP | DF37: =O37 -> 149 | DG37: =AA37 -> 0 | DH37: =AB37 -> 0 | DI37: =AC37 -> 0 | DJ37: =AD37 -> 0 | DK37: =AE37 -> 33 | DN37: =AF37 -> 50 | DO37: =AI37 -> 32.214 | DP37: =IF(H37="","",H37) | DQ37: =AN37/24*HOURS -> 32.214 | DR37: =I37 -> 0 | DS37: =IF(OR(E37="SI",B37="",E37="T&A"),"",VLOOKUP(B37,WELL_FIELD,2)) -> MAIN | DY37: =IF(B37="","","KHALDA_WELL") -> KHALDA_WELL | DZ37: =REPORTDATE-1 -> 46284 | EA37: =B37 -> MRZK-105 | EB37: =J37 -> Spool | EC37: =K37 -> 110 | ED37: =F37 -> 24 | EE37: =IF(DB37=0,"SI",E37) -> ESP | EH37: =IF(H37="","",H37) | EI37: =AI37 -> 32.214 | EJ37: =V37 -> DN1150 | EK37: =G37 -> 0 | EN37: =AB37 -> 0 | EP37: =AC37 -> 0 | EQ37: =AE37 -> 33 | ET37: =AD37 -> 0 | EU37: =AF37 -> 50 | EW37: =W37 -> 0 | EX37: =X37 -> 0 | EY37: =Y37 -> 0 | EZ37: =Z37 -> 0 | FA37: =AP37 -> Last W/O 04/2025 (P/R), Started-up 30-04-2025 | FB37: =IF(OR(E37="SI",B37="",E37="T&A"),"",VLOOKUP(B37,WELL_FIELD,2)) -> MAIN
B38: MRZK-131 | C38: ALMDOL | E38: SI | F38: 0 | G38: =IF(OR(WSTATUS="T&A",DTCAUSE="PUMP OFF MODE",DTCAUSE="UNDER LOAD"),0,BOPD/24*(24-HOURS)) -> 0 | M38: 0 | N38: CL | P38: 45560 | R38: 100 | S38: 4703 | T38: 966 | AI38: =AN38/24*F38 -> 0 | AM38: 3 | AN38: =IF(BFPD=0,0,BFPD*(1-BSW/100)) -> 0 | AP38: Last W/O Nov. 2020, S/I 26/3/2020 due to unprofitable oil. | BJ38: =+IF(E38="SI",0,AK38*AM38/100) -> 0 | CW38: KHALDA_WELL | CX38: =REPORTDATE-1 -> 46284 | CY38: =$CV$3&B38 -> 9MRZK-131 | CZ38: =J38 -> 0 | DA38: =K38 -> 0 | DB38: =F38 -> 0 | DC38: =IF(DB38=0,"SI",E38) -> SI | DF38: =O38 -> 0 | DG38: =AA38 -> 0 | DH38: =AB38 -> 0 | DI38: =AC38 -> 0 | DJ38: =AD38 -> 0 | DK38: =AE38 -> 0 | DN38: =AF38 -> 0 | DO38: =AI38 -> 0 | DP38: =IF(H38="","",H38) | DQ38: =AN38/24*HOURS -> 0 | DR38: =I38 -> 0 | DS38: =IF(OR(E38="SI",B38="",E38="T&A"),"",VLOOKUP(B38,WELL_FIELD,2)) | DY38: =IF(B38="","","KHALDA_WELL") -> KHALDA_WELL | DZ38: =REPORTDATE-1 -> 46284 | EA38: =B38 -> MRZK-131 | EB38: =J38 -> 0 | EC38: =K38 -> 0 | ED38: =F38 -> 0 | EE38: =IF(DB38=0,"SI",E38) -> SI | EH38: =IF(H38="","",H38) | EI38: =AI38 -> 0 | EJ38: =V38 -> 0 | EK38: =G38 -> 0 | EN38: =AB38 -> 0 | EP38: =AC38 -> 0 | EQ38: =AE38 -> 0 | ET38: =AD38 -> 0 | EU38: =AF38 -> 0 | EW38: =W38 -> 0 | EX38: =X38 -> 0 | EY38: =Y38 -> 0 | EZ38: =Z38 -> 0 | FA38: =AP38 -> Last W/O Nov. 2020, S/I 26/3/2020 due to unprofitable oil. | FB38: =IF(OR(E38="SI",B38="",E38="T&A"),"",VLOOKUP(B38,WELL_FIELD,2))
B39: MRZK-133 | C39: ARG | D39: #NAME? | E39: ESP | F39: 24 | G39: =IF(OR(WSTATUS="T&A",DTCAUSE="PUMP OFF MODE",DTCAUSE="UNDER LOAD"),0,BOPD/24*(24-HOURS)) -> 0 | I39: 40 | J39: Open | K39: 90 | L39: 90 | M39: 0 | N39: OP | O39: 93 | P39: 46264 | Q39: 5067.06 | R39: 79 | S39: 486 | U39: 5685 | V39: DN1150 | AE39: 23 | AF39: 51 | AG39: 38.4 | AH39: =IF(AG39="","",AE39/AG39*100) -> 59.895833 | AI39: =AN39/24*F39 -> 24.915 | AJ39: 46245 | AK39: 453 | AM39: 94.5 | AN39: =IF(BFPD=0,0,BFPD*(1-BSW/100)) -> 24.915 | AO39: 48000 | AP39: Last W/O 3/2025 (Replace SRP by ESP), Started-up 12-03-2025 | BJ39: =+IF(E39="SI",0,AK39*AM39/100) -> 428.085 | CW39: KHALDA_WELL | CX39: =REPORTDATE-1 -> 46284 | CY39: =$CV$3&B39 -> 9MRZK-133 | CZ39: =J39 -> Open | DA39: =K39 -> 90 | DB39: =F39 -> 24 | DC39: =IF(DB39=0,"SI",E39) -> ESP | DF39: =O39 -> 93 | DG39: =AA39 -> 0 | DH39: =AB39 -> 0 | DI39: =AC39 -> 0 | DJ39: =AD39 -> 0 | DK39: =AE39 -> 23 | DN39: =AF39 -> 51 | DO39: =AI39 -> 24.915 | DP39: =IF(H39="","",H39) | DQ39: =AN39/24*HOURS -> 24.915 | DR39: =I39 -> 40 | DS39: =IF(OR(E39="SI",B39="",E39="T&A"),"",VLOOKUP(B39,WELL_FIELD,2)) -> MAIN | DY39: =IF(B39="","","KHALDA_WELL") -> KHALDA_WELL | DZ39: =REPORTDATE-1 -> 46284 | EA39: =B39 -> MRZK-133 | EB39: =J39 -> Open | EC39: =K39 -> 90 | ED39: =F39 -> 24 | EE39: =IF(DB39=0,"SI",E39) -> ESP | EH39: =IF(H39="","",H39) | EI39: =AI39 -> 24.915 | EJ39: =V39 -> DN1150 | EK39: =G39 -> 0 | EN39: =AB39 -> 0 | EP39: =AC39 -> 0 | EQ39: =AE39 -> 23 | ET39: =AD39 -> 0 | EU39: =AF39 -> 51 | EW39: =W39 -> 0 | EX39: =X39 -> 0 | EY39: =Y39 -> 0 | EZ39: =Z39 -> 0 | FA39: =AP39 -> Last W/O 3/2025 (Replace SRP by ESP), Started-up 12-03-2025 | FB39: =IF(OR(E39="SI",B39="",E39="T&A"),"",VLOOKUP(B39,WELL_FIELD,2)) -> MAIN
B40: MRZK-135B | C40: ARG | E40: ESP | F40: 24 | G40: =IF(OR(WSTATUS="T&A",DTCAUSE="PUMP OFF MODE",DTCAUSE="UNDER LOAD"),0,BOPD/24*(24-HOURS)) -> 0 | I40: 0 | J40: Spool | K40: 210 | L40: 130 | N40: OP | O40: 158 | P40: 46147 | Q40: 1620.1 | R40: 96 | S40: 3503 | U40: 5410 | V40: SN2600 | AE40: 37 | AF40: 50 | AG40: 46 | AH40: =IF(AG40="","",AE40/AG40*100) -> 80.434783 | AI40: =AN40/24*F40 -> 71.712 | AJ40: 46243 | AK40: 2241 | AM40: 96.8 | AN40: =IF(BFPD=0,0,BFPD*(1-BSW/100)) -> 71.712 | AO40: 60000 | AP40: Last W/O 10/2021 (TBG replacment & pump upgrade), Started-up 06-10-2021 | BJ40: =+IF(E40="SI",0,AK40*AM40/100) -> 2169.288 | CW40: KHALDA_WELL | CX40: =REPORTDATE-1 -> 46284 | CY40: =$CV$3&B40 -> 9MRZK-135B | CZ40: =J40 -> Spool | DA40: =K40 -> 210 | DB40: =F40 -> 24 | DC40: =IF(DB40=0,"SI",E40) -> ESP | DF40: =O40 -> 158 | DG40: =AA40 -> 0 | DH40: =AB40 -> 0 | DI40: =AC40 -> 0 | DJ40: =AD40 -> 0 | DK40: =AE40 -> 37 | DN40: =AF40 -> 50 | DO40: =AI40 -> 71.712 | DP40: =IF(H40="","",H40) | DQ40: =AN40/24*HOURS -> 71.712 | DR40: =I40 -> 0 | DS40: =IF(OR(E40="SI",B40="",E40="T&A"),"",VLOOKUP(B40,WELL_FIELD,2)) -> MAIN | DY40: =IF(B40="","","KHALDA_WELL") -> KHALDA_WELL | DZ40: =REPORTDATE-1 -> 46284 | EA40: =B40 -> MRZK-135B | EB40: =J40 -> Spool | EC40: =K40 -> 210 | ED40: =F40 -> 24 | EE40: =IF(DB40=0,"SI",E40) -> ESP | EH40: =IF(H40="","",H40) | EI40: =AI40 -> 71.712 | EJ40: =V40 -> SN2600 | EK40: =G40 -> 0 | EN40: =AB40 -> 0 | EP40: =AC40 -> 0 | EQ40: =AE40 -> 37 | ET40: =AD40 -> 0 | EU40: =AF40 -> 50 | EW40: =W40 -> 0 | EX40: =X40 -> 0 | EY40: =Y40 -> 0 | EZ40: =Z40 -> 0 | FA40: =AP40 -> Last W/O 10/2021 (TBG replacment & pump upgrade), Started-up 06-10-2021 | FB40: =IF(OR(E40="SI",B40="",E40="T&A"),"",VLOOKUP(B40,WELL_FIELD,2)) -> MAIN
B41: MRZK-136 | C41: BAH,ARG | D41: On production 24 hrs ( +158 bbls ) | E41: ESP | F41: 24 | G41: =IF(OR(WSTATUS="T&A",DTCAUSE="PUMP OFF MODE",DTCAUSE="UNDER LOAD"),0,BOPD/24*(24-HOURS)) -> 0 | I41: 2 | J41: Spool | K41: 70 | L41: 60 | M41: 0 | N41: OP | O41: 154 | P41: 46123 | Q41: 3417.34 | R41: 100 | S41: 2050 | U41: 5500 | V41: 538-3600 | AE41: 28 | AF41: 52 | AG41: 34 | AH41: =IF(AG41="","",AE41/AG41*100) -> 82.352941 | AI41: =AN41/24*F41 -> 78.3697 | AJ41: 46284 | AK41: 2183 | AL41: 0.038 | AM41: 96.41 | AN41: =IF(BFPD=0,0,BFPD*(1-BSW/100)) -> 78.3697 | AO41: 66000 | AP41: Last W/O 12/2024 (ESPR), Started-Up 27/12/2024. | BJ41: =+IF(E41="SI",0,AK41*AM41/100) -> 2104.6303 | CW41: KHALDA_WELL | CX41: =REPORTDATE-1 -> 46284 | CY41: =$CV$3&B41 -> 9MRZK-136 | CZ41: =J41 -> Spool | DA41: =K41 -> 70 | DB41: =F41 -> 24 | DC41: =IF(DB41=0,"SI",E41) -> ESP | DF41: =O41 -> 154 | DG41: =AA41 -> 0 | DH41: =AB41 -> 0 | DI41: =AC41 -> 0 | DJ41: =AD41 -> 0 | DK41: =AE41 -> 28 | DN41: =AF41 -> 52 | DO41: =AI41 -> 78.3697 | DP41: =IF(H41="","",H41) | DQ41: =AN41/24*HOURS -> 78.3697 | DR41: =I41 -> 2 | DS41: =IF(OR(E41="SI",B41="",E41="T&A"),"",VLOOKUP(B41,WELL_FIELD,2)) -> MAIN | DY41: =IF(B41="","","KHALDA_WELL") -> KHALDA_WELL | DZ41: =REPORTDATE-1 -> 46284 | EA41: =B41 -> MRZK-136 | EB41: =J41 -> Spool | EC41: =K41 -> 70 | ED41: =F41 -> 24 | EE41: =IF(DB41=0,"SI",E41) -> ESP | EH41: =IF(H41="","",H41) | EI41: =AI41 -> 78.3697 | EJ41: =V41 -> 538-3600 | EK41: =G41 -> 0 | EN41: =AB41 -> 0 | EP41: =AC41 -> 0 | EQ41: =AE41 -> 28 | ET41: =AD41 -> 0 | EU41: =AF41 -> 52 | EW41: =W41 -> 0 | EX41: =X41 -> 0 | EY41: =Y41 -> 0 | EZ41: =Z41 -> 0 | FA41: =AP41 -> Last W/O 12/2024 (ESPR), Started-Up 27/12/2024. | FB41: =IF(OR(E41="SI",B41="",E41="T&A"),"",VLOOKUP(B41,WELL_FIELD,2)) -> MAIN
B42: MRZK-146 | C42: L,U-BAH,ARG | D42: ESP(DN1050) | E42: ESP | F42: 24 | G42: =IF(OR(WSTATUS="T&A",DTCAUSE="PUMP OFF MODE",DTCAUSE="UNDER LOAD"),0,BOPD/24*(24-HOURS)) -> 0 | I42: 5 | J42: Spool | K42: 80 | L42: 70 | M42: 0 | N42: OP | O42: 151 | P42: 46205 | Q42: 4009 | R42: 100 | S42: 1635 | U42: 5644 | V42: D1150N | AE42: 23 | AF42: 50 | AG42: 30 | AH42: =IF(AG42="","",AE42/AG42*100) -> 76.666667 | AI42: =AN42/24*F42 -> 65.394 | AJ42: 46242 | AK42: 1038 | AM42: 93.7 | AN42: =IF(BFPD=0,0,BFPD*(1-BSW/100)) -> 65.394 | AO42: 64000 | AP42: Last W/O 07/2023 (ESPR), Started-up 25/07/2023. | BJ42: =+IF(E42="SI",0,AK42*AM42/100) -> 972.606 | CW42: KHALDA_WELL | CX42: =REPORTDATE-1 -> 46284 | CY42: =$CV$3&B42 -> 9MRZK-146 | CZ42: =J42 -> Spool | DA42: =K42 -> 80 | DB42: =F42 -> 24 | DC42: =IF(DB42=0,"SI",E42) -> ESP | DF42: =O42 -> 151 | DG42: =AA42 -> 0 | DH42: =AB42 -> 0 | DI42: =AC42 -> 0 | DJ42: =AD42 -> 0 | DK42: =AE42 -> 23 | DN42: =AF42 -> 50 | DO42: =AI42 -> 65.394 | DP42: =IF(H42="","",H42) | DQ42: =AN42/24*HOURS -> 65.394 | DR42: =I42 -> 5 | DS42: =IF(OR(E42="SI",B42="",E42="T&A"),"",VLOOKUP(B42,WELL_FIELD,2)) -> MAIN | DY42: =IF(B42="","","KHALDA_WELL") -> KHALDA_WELL | DZ42: =REPORTDATE-1 -> 46284 | EA42: =B42 -> MRZK-146 | EB42: =J42 -> Spool | EC42: =K42 -> 80 | ED42: =F42 -> 24 | EE42: =IF(DB42=0,"SI",E42) -> ESP | EH42: =IF(H42="","",H42) | EI42: =AI42 -> 65.394 | EJ42: =V42 -> D1150N | EK42: =G42 -> 0 | EN42: =AB42 -> 0 | EP42: =AC42 -> 0 | EQ42: =AE42 -> 23 | ET42: =AD42 -> 0 | EU42: =AF42 -> 50 | EW42: =W42 -> 0 | EX42: =X42 -> 0 | EY42: =Y42 -> 0 | EZ42: =Z42 -> 0 | FA42: =AP42 -> Last W/O 07/2023 (ESPR), Started-up 25/07/2023. | FB42: =IF(OR(E42="SI",B42="",E42="T&A"),"",VLOOKUP(B42,WELL_FIELD,2)) -> MAIN
B43: MRZK-155 | C43: LBAH | E43: SI | F43: 0 | G43: =IF(OR(WSTATUS="T&A",DTCAUSE="PUMP OFF MODE",DTCAUSE="UNDER LOAD"),0,BOPD/24*(24-HOURS)) -> 0 | M43: 0 | P43: 45549 | R43: 100 | S43: 4633 | T43: 562 | U43: 5195 | V43: 27-1800 | AH43: =IF(AG43="","",AE43/AG43*100) | AI43: =AN43/24*F43 -> 0 | AN43: =IF(BFPD=0,0,BFPD*(1-BSW/100)) -> 0 | AP43: S/D on 01-09-2022 due to DHP Last W/O 01/2019 (N/C), Started-up 07-01-2019 | BJ43: =+IF(E43="SI",0,AK43*AM43/100) -> 0 | CW43: KHALDA_WELL | CX43: =REPORTDATE-1 -> 46284 | CY43: =$CV$3&B43 -> 9MRZK-155 | CZ43: =J43 -> 0 | DA43: =K43 -> 0 | DB43: =F43 -> 0 | DC43: =IF(DB43=0,"SI",E43) -> SI | DF43: =O43 -> 0 | DG43: =AA43 -> 0 | DH43: =AB43 -> 0 | DI43: =AC43 -> 0 | DJ43: =AD43 -> 0 | DK43: =AE43 -> 0 | DN43: =AF43 -> 0 | DO43: =AI43 -> 0 | DP43: =IF(H43="","",H43) | DQ43: =AN43/24*HOURS -> 0 | DR43: =I43 -> 0 | DS43: =IF(OR(E43="SI",B43="",E43="T&A"),"",VLOOKUP(B43,WELL_FIELD,2)) | DY43: =IF(B43="","","KHALDA_WELL") -> KHALDA_WELL | DZ43: =REPORTDATE-1 -> 46284 | EA43: =B43 -> MRZK-155 | EB43: =J43 -> 0 | EC43: =K43 -> 0 | ED43: =F43 -> 0 | EE43: =IF(DB43=0,"SI",E43) -> SI | EH43: =IF(H43="","",H43) | EI43: =AI43 -> 0 | EJ43: =V43 -> 27-1800 | EK43: =G43 -> 0 | EN43: =AB43 -> 0 | EP43: =AC43 -> 0 | EQ43: =AE43 -> 0 | ET43: =AD43 -> 0 | EU43: =AF43 -> 0 | EW43: =W43 -> 0 | EX43: =X43 -> 0 | EY43: =Y43 -> 0 | EZ43: =Z43 -> 0 | FA43: =AP43 -> S/D on 01-09-2022 due to DHP Last W/O 01/2019 (N/C), Started-up 07-01-2019 | FB43: =IF(OR(E43="SI",B43="",E43="T&A"),"",VLOOKUP(B43,WELL_FIELD,2))
B44: MRZK-165 | C44: ARG | E44: ESP | F44: 24 | G44: =IF(OR(WSTATUS="T&A",DTCAUSE="PUMP OFF MODE",DTCAUSE="UNDER LOAD"),0,BOPD/24*(24-HOURS)) -> 0 | I44: 0 | J44: Spool | K44: 110 | L44: 100 | N44: OP | O44: 134 | P44: 46178 | Q44: 4665.01 | R44: 74 | S44: 407 | U44: 5233 | V44: GN1600 | AE44: 26 | AF44: 50 | AG44: 36.7 | AH44: =IF(AG44="","",AE44/AG44*100) -> 70.844687 | AI44: =AN44/24*F44 -> 47.61 | AJ44: 46244 | AK44: 1035 | AM44: 95.4 | AN44: =IF(BFPD=0,0,BFPD*(1-BSW/100)) -> 47.61 | AO44: 60500 | AP44: Last W/O March-21 , ESP downgrade & TBG replacement. Started up on 11-3-21 | BJ44: =+IF(E44="SI",0,AK44*AM44/100) -> 987.39 | CW44: KHALDA_WELL | CX44: =REPORTDATE-1 -> 46284 | CY44: =$CV$3&B44 -> 9MRZK-165 | CZ44: =J44 -> Spool | DA44: =K44 -> 110 | DB44: =F44 -> 24 | DC44: =IF(DB44=0,"SI",E44) -> ESP | DF44: =O44 -> 134 | DG44: =AA44 -> 0 | DH44: =AB44 -> 0 | DI44: =AC44 -> 0 | DJ44: =AD44 -> 0 | DK44: =AE44 -> 26 | DN44: =AF44 -> 50 | DO44: =AI44 -> 47.61 | DP44: =IF(H44="","",H44) | DQ44: =AN44/24*HOURS -> 47.61 | DR44: =I44 -> 0 | DS44: =IF(OR(E44="SI",B44="",E44="T&A"),"",VLOOKUP(B44,WELL_FIELD,2)) -> MAIN | DY44: =IF(B44="","","KHALDA_WELL") -> KHALDA_WELL | DZ44: =REPORTDATE-1 -> 46284 | EA44: =B44 -> MRZK-165 | EB44: =J44 -> Spool | EC44: =K44 -> 110 | ED44: =F44 -> 24 | EE44: =IF(DB44=0,"SI",E44) -> ESP | EH44: =IF(H44="","",H44) | EI44: =AI44 -> 47.61 | EJ44: =V44 -> GN1600 | EK44: =G44 -> 0 | EN44: =AB44 -> 0 | EP44: =AC44 -> 0 | EQ44: =AE44 -> 26 | ET44: =AD44 -> 0 | EU44: =AF44 -> 50 | EW44: =W44 -> 0 | EX44: =X44 -> 0 | EY44: =Y44 -> 0 | EZ44: =Z44 -> 0 | FA44: =AP44 -> Last W/O March-21 , ESP downgrade & TBG replacement. Started up on 11-3-21 | FB44: =IF(OR(E44="SI",B44="",E44="T&A"),"",VLOOKUP(B44,WELL_FIELD,2)) -> MAIN
B45: MRZK-166 | C45: BAH | E45: SRP | F45: 24 | G45: =IF(OR(WSTATUS="T&A",DTCAUSE="PUMP OFF MODE",DTCAUSE="UNDER LOAD"),0,BOPD/24*(24-HOURS)) -> 0 | J45: Spool | K45: 275 | L45: 265 | M45: 0 | N45: OP | O45: 112 | P45: 46199 | Q45: 4939 | R45: 76 | S45: 487 | U45: 5575 | V45: 1.75 | W45: 100 | X45: 132 | Y45: 90 | Z45: 80 | AA45: C-912 | AB45: 3.5 | AC45: 168 | AD45: 950 | AH45: =IF(AG45="","",AE45/AG45*100) | AI45: =AN45/24*F45 -> 78.78 | AJ45: 46279 | AK45: 101 | AM45: 22 | AN45: =IF(BFPD=0,0,BFPD*(1-BSW/100)) -> 78.78 | AO45: 44000 | AP45: Last W/O 04/2024 (Converted to SRP), Started-up 25/04/2024, | BJ45: =+IF(E45="SI",0,AK45*AM45/100) -> 22.22 | CW45: KHALDA_WELL | CX45: =REPORTDATE-1 -> 46284 | CY45: =$CV$3&B45 -> 9MRZK-166 | CZ45: =J45 -> Spool | DA45: =K45 -> 275 | DB45: =F45 -> 24 | DC45: =IF(DB45=0,"SI",E45) -> SRP | DF45: =O45 -> 112 | DG45: =AA45 -> C-912 | DH45: =AB45 -> 3.5 | DI45: =AC45 -> 168 | DJ45: =AD45 -> 950 | DK45: =AE45 -> 0 | DN45: =AF45 -> 0 | DO45: =AI45 -> 78.78 | DP45: =IF(H45="","",H45) | DQ45: =AN45/24*HOURS -> 78.78 | DR45: =I45 -> 0 | DS45: =IF(OR(E45="SI",B45="",E45="T&A"),"",VLOOKUP(B45,WELL_FIELD,2)) -> MAIN | DY45: =IF(B45="","","KHALDA_WELL") -> KHALDA_WELL | DZ45: =REPORTDATE-1 -> 46284 | EA45: =B45 -> MRZK-166 | EB45: =J45 -> Spool | EC45: =K45 -> 275 | ED45: =F45 -> 24 | EE45: =IF(DB45=0,"SI",E45) -> SRP | EH45: =IF(H45="","",H45) | EI45: =AI45 -> 78.78 | EJ45: =V45 -> 1.75 | EK45: =G45 -> 0 | EN45: =AB45 -> 3.5 | EP45: =AC45 -> 168 | EQ45: =AE45 -> 0 | ET45: =AD45 -> 950 | EU45: =AF45 -> 0 | EW45: =W45 -> 100 | EX45: =X45 -> 132 | EY45: =Y45 -> 90 | EZ45: =Z45 -> 80 | FA45: =AP45 -> Last W/O 04/2024 (Converted to SRP), Started-up 25/04/2024, | FB45: =IF(OR(E45="SI",B45="",E45="T&A"),"",VLOOKUP(B45,WELL_FIELD,2)) -> MAIN
B46: MRZK-182 | C46: APOLLONIA | E46: SI | F46: 0 | G46: =IF(OR(WSTATUS="T&A",DTCAUSE="PUMP OFF MODE",DTCAUSE="UNDER LOAD"),0,BOPD/24*(24-HOURS)) -> 0 | M46: 128.6 | N46: CL | P46: 45789 | R46: 100 | S46: 3591 | T46: 109.83 | U46: 3723 | V46: 1.75 | AA46: C-456 | AH46: =IF(AG46="","",AE46/AG46*100) | AI46: =AN46/24*F46 -> 0 | AN46: =IF(BFPD=0,0,BFPD*(1-BSW/100)) -> 0 | AP46: Last W/O 12/2017 (I/C), Started-up 13/01/2018, ,S/I on 3/2020 due to low prod. & high W.C%. | BJ46: =+IF(E46="SI",0,AK46*AM46/100) -> 0 | CW46: KHALDA_WELL | CX46: =REPORTDATE-1 -> 46284 | CY46: =$CV$3&B46 -> 9MRZK-182 | CZ46: =J46 -> 0 | DA46: =K46 -> 0 | DB46: =F46 -> 0 | DC46: =IF(DB46=0,"SI",E46) -> SI | DF46: =O46 -> 0 | DG46: =AA46 -> C-456 | DH46: =AB46 -> 0 | DI46: =AC46 -> 0 | DJ46: =AD46 -> 0 | DK46: =AE46 -> 0 | DN46: =AF46 -> 0 | DO46: =AI46 -> 0 | DP46: =IF(H46="","",H46) | DQ46: =AN46/24*HOURS -> 0 | DR46: =I46 -> 0 | DS46: =IF(OR(E46="SI",B46="",E46="T&A"),"",VLOOKUP(B46,WELL_FIELD,2)) | DY46: =IF(B46="","","KHALDA_WELL") -> KHALDA_WELL | DZ46: =REPORTDATE-1 -> 46284 | EA46: =B46 -> MRZK-182 | EB46: =J46 -> 0 | EC46: =K46 -> 0 | ED46: =F46 -> 0 | EE46: =IF(DB46=0,"SI",E46) -> SI | EH46: =IF(H46="","",H46) | EI46: =AI46 -> 0 | EJ46: =V46 -> 1.75 | EK46: =G46 -> 0 | EN46: =AB46 -> 0 | EP46: =AC46 -> 0 | EQ46: =AE46 -> 0 | ET46: =AD46 -> 0 | EU46: =AF46 -> 0 | EW46: =W46 -> 0 | EX46: =X46 -> 0 | EY46: =Y46 -> 0 | EZ46: =Z46 -> 0 | FA46: =AP46 -> Last W/O 12/2017 (I/C), Started-up 13/01/2018, ,S/I on 3/2020 due to low prod. & high W.C%. | FB46: =IF(OR(E46="SI",B46="",E46="T&A"),"",VLOOKUP(B46,WELL_FIELD,2))
B47: MRZK-183 | C47: APOLLONIA | E47: SI | F47: 0 | G47: =IF(OR(WSTATUS="T&A",DTCAUSE="PUMP OFF MODE",DTCAUSE="UNDER LOAD"),0,BOPD/24*(24-HOURS)) -> 22.995 | J47: Spool | K47: 90 | L47: 80 | M47: 4 | N47: OP | O47: 74 | P47: 46282 | R47: 89 | S47: 1620 | T47: 1900 | U47: 3701 | V47: 1.25 | Y47: 98 | Z47: 80 | AA47: C-456 | AB47: 5.6 | AH47: =IF(AG47="","",AE47/AG47*100) | AI47: =AN47/24*F47 -> 0 | AJ47: 45919 | AK47: 63 | AM47: 63.5 | AN47: =IF(BFPD=0,0,BFPD*(1-BSW/100)) -> 22.995 | AP47: (Intermittent well) Rerun to production on 30-Aug-25 S/I 08/04/2020 Intermittent flow (Low P.F, Low NLAP). | BJ47: =+IF(E47="SI",0,AK47*AM47/100) -> 0 | CW47: KHALDA_WELL | CX47: =REPORTDATE-1 -> 46284 | CY47: =$CV$3&B47 -> 9MRZK-183 | CZ47: =J47 -> Spool | DA47: =K47 -> 90 | DB47: =F47 -> 0 | DC47: =IF(DB47=0,"SI",E47) -> SI | DF47: =O47 -> 74 | DG47: =AA47 -> C-456 | DH47: =AB47 -> 5.6 | DI47: =AC47 -> 0 | DJ47: =AD47 -> 0 | DK47: =AE47 -> 0 | DN47: =AF47 -> 0 | DO47: =AI47 -> 0 | DP47: =IF(H47="","",H47) | DQ47: =AN47/24*HOURS -> 0 | DR47: =I47 -> 0 | DS47: =IF(OR(E47="SI",B47="",E47="T&A"),"",VLOOKUP(B47,WELL_FIELD,2)) | DY47: =IF(B47="","","KHALDA_WELL") -> KHALDA_WELL | DZ47: =REPORTDATE-1 -> 46284 | EA47: =B47 -> MRZK-183 | EB47: =J47 -> Spool | EC47: =K47 -> 90 | ED47: =F47 -> 0 | EE47: =IF(DB47=0,"SI",E47) -> SI | EH47: =IF(H47="","",H47) | EI47: =AI47 -> 0 | EJ47: =V47 -> 1.25 | EK47: =G47 -> 22.995 | EN47: =AB47 -> 5.6 | EP47: =AC47 -> 0 | EQ47: =AE47 -> 0 | ET47: =AD47 -> 0 | EU47: =AF47 -> 0 | EW47: =W47 -> 0 | EX47: =X47 -> 0 | EY47: =Y47 -> 98 | EZ47: =Z47 -> 80 | FA47: =AP47 -> (Intermittent well) Rerun to production on 30-Aug-25 S/I 08/04/2020 Intermittent flow (Low P.F, Low NLAP). | FB47: =IF(OR(E47="SI",B47="",E47="T&A"),"",VLOOKUP(B47,WELL_FIELD,2))
B48: MRZK-186 | C48: BAH | E48: ESP | F48: 22 | G48: =IF(OR(WSTATUS="T&A",DTCAUSE="PUMP OFF MODE",DTCAUSE="UNDER LOAD"),0,BOPD/24*(24-HOURS)) -> 13.793683 | H48: Generator (Planned) | I48: 0 | J48: Open | K48: 75 | L48: 60 | M48: 60 | N48: OP | O48: 150 | P48: 46198 | Q48: 5088 | R48: 24 | S48: 129 | U48: 5783 | V48: FLEX-17.5 | AE48: 32 | AF48: 50 | AG48: 28 | AH48: =IF(AG48="","",AE48/AG48*100) -> 114.28571 | AI48: =AN48/24*F48 -> 151.73052 | AJ48: 46281 | AK48: 1013 | AL48: 0.188 | AM48: 83.66 | AN48: =IF(BFPD=0,0,BFPD*(1-BSW/100)) -> 165.5242 | AO48: 55000 | AP48: Started up 21-08-2025 Last W/O 08/2025 (ESPU) | BJ48: =+IF(E48="SI",0,AK48*AM48/100) -> 847.4758 | CW48: KHALDA_WELL | CX48: =REPORTDATE-1 -> 46284 | CY48: =$CV$3&B48 -> 9MRZK-186 | CZ48: =J48 -> Open | DA48: =K48 -> 75 | DB48: =F48 -> 22 | DC48: =IF(DB48=0,"SI",E48) -> ESP | DF48: =O48 -> 150 | DG48: =AA48 -> 0 | DH48: =AB48 -> 0 | DI48: =AC48 -> 0 | DJ48: =AD48 -> 0 | DK48: =AE48 -> 32 | DN48: =AF48 -> 50 | DO48: =AI48 -> 151.73052 | DP48: =IF(H48="","",H48) -> Generator (Planned) | DQ48: =AN48/24*HOURS -> 151.73052 | DR48: =I48 -> 0 | DS48: =IF(OR(E48="SI",B48="",E48="T&A"),"",VLOOKUP(B48,WELL_FIELD,2)) -> MAIN | DY48: =IF(B48="","","KHALDA_WELL") -> KHALDA_WELL | DZ48: =REPORTDATE-1 -> 46284 | EA48: =B48 -> MRZK-186 | EB48: =J48 -> Open | EC48: =K48 -> 75 | ED48: =F48 -> 22 | EE48: =IF(DB48=0,"SI",E48) -> ESP | EH48: =IF(H48="","",H48) -> Generator (Planned) | EI48: =AI48 -> 151.73052 | EJ48: =V48 -> FLEX-17.5 | EK48: =G48 -> 13.793683 | EN48: =AB48 -> 0 | EP48: =AC48 -> 0 | EQ48: =AE48 -> 32 | ET48: =AD48 -> 0 | EU48: =AF48 -> 50 | EW48: =W48 -> 0 | EX48: =X48 -> 0 | EY48: =Y48 -> 0 | EZ48: =Z48 -> 0 | FA48: =AP48 -> Started up 21-08-2025 Last W/O 08/2025 (ESPU) | FB48: =IF(OR(E48="SI",B48="",E48="T&A"),"",VLOOKUP(B48,WELL_FIELD,2)) -> MAIN
B49: MRZK-187 | C49: LBAH | E49: ESP | F49: 24 | G49: =IF(OR(WSTATUS="T&A",DTCAUSE="PUMP OFF MODE",DTCAUSE="UNDER LOAD"),0,BOPD/24*(24-HOURS)) -> 0 | I49: 0 | J49: Open | K49: 120 | L49: 110 | M49: 0 | N49: CL | O49: 176 | P49: 46205 | Q49: 698.81 | R49: 100 | S49: 4678 | U49: 5473 | V49: B538-7000 | AE49: 53 | AF49: 50 | AG49: 64 | AH49: =IF(AG49="","",AE49/AG49*100) -> 82.8125 | AI49: =AN49/24*F49 -> 109.6092 | AJ49: 46278 | AK49: 6766 | AM49: 98.38 | AN49: =IF(BFPD=0,0,BFPD*(1-BSW/100)) -> 109.6092 | AO49: 49000 | AP49: Last W/O 6/2026 (ESPR), Started-up 29/6/2026 | BJ49: =+IF(E49="SI",0,AK49*AM49/100) -> 6656.3908 | CW49: KHALDA_WELL | CX49: =REPORTDATE-1 -> 46284 | CY49: =$CV$3&B49 -> 9MRZK-187 | CZ49: =J49 -> Open | DA49: =K49 -> 120 | DB49: =F49 -> 24 | DC49: =IF(DB49=0,"SI",E49) -> ESP | DF49: =O49 -> 176 | DG49: =AA49 -> 0 | DH49: =AB49 -> 0 | DI49: =AC49 -> 0 | DJ49: =AD49 -> 0 | DK49: =AE49 -> 53 | DN49: =AF49 -> 50 | DO49: =AI49 -> 109.6092 | DP49: =IF(H49="","",H49) | DQ49: =AN49/24*HOURS -> 109.6092 | DR49: =I49 -> 0 | DS49: =IF(OR(E49="SI",B49="",E49="T&A"),"",VLOOKUP(B49,WELL_FIELD,2)) -> MAIN | DY49: =IF(B49="","","KHALDA_WELL") -> KHALDA_WELL | DZ49: =REPORTDATE-1 -> 46284 | EA49: =B49 -> MRZK-187 | EB49: =J49 -> Open | EC49: =K49 -> 120 | ED49: =F49 -> 24 | EE49: =IF(DB49=0,"SI",E49) -> ESP | EH49: =IF(H49="","",H49) | EI49: =AI49 -> 109.6092 | EJ49: =V49 -> B538-7000 | EK49: =G49 -> 0 | EN49: =AB49 -> 0 | EP49: =AC49 -> 0 | EQ49: =AE49 -> 53 | ET49: =AD49 -> 0 | EU49: =AF49 -> 50 | EW49: =W49 -> 0 | EX49: =X49 -> 0 | EY49: =Y49 -> 0 | EZ49: =Z49 -> 0 | FA49: =AP49 -> Last W/O 6/2026 (ESPR), Started-up 29/6/2026 | FB49: =IF(OR(E49="SI",B49="",E49="T&A"),"",VLOOKUP(B49,WELL_FIELD,2)) -> MAIN
B50: MRZK-188ST2 | C50: BAH,ARG | E50: SI | F50: 0 | G50: =IF(OR(WSTATUS="T&A",DTCAUSE="PUMP OFF MODE",DTCAUSE="UNDER LOAD"),0,BOPD/24*(24-HOURS)) -> 0 | K50: 220 | M50: 80 | N50: OP | P50: 45789 | R50: 100 | S50: 3259 | T50: 246.1 | U50: 3505 | V50: 2.25 | W50: 100 | X50: 475 | Y50: 85 | Z50: 80 | AA50: C-640 | AH50: =IF(AG50="","",AE50/AG50*100) | AI50: =AN50/24*F50 -> 0 | AN50: =IF(BFPD=0,0,BFPD*(1-BSW/100)) -> 0 | AP50: S/D on 17-08-2023 due to DHP Last W/O 01/2019 (I.SRP.I), Started up 19-1-19 | BJ50: =+IF(E50="SI",0,AK50*AM50/100) -> 0 | CW50: KHALDA_WELL | CX50: =REPORTDATE-1 -> 46284 | CY50: =$CV$3&B50 -> 9MRZK-188ST2 | CZ50: =J50 -> 0 | DA50: =K50 -> 220 | DB50: =F50 -> 0 | DC50: =IF(DB50=0,"SI",E50) -> SI | DF50: =O50 -> 0 | DG50: =AA50 -> C-640 | DH50: =AB50 -> 0 | DI50: =AC50 -> 0 | DJ50: =AD50 -> 0 | DK50: =AE50 -> 0 | DN50: =AF50 -> 0 | DO50: =AI50 -> 0 | DP50: =IF(H50="","",H50) | DQ50: =AN50/24*HOURS -> 0 | DR50: =I50 -> 0 | DS50: =IF(OR(E50="SI",B50="",E50="T&A"),"",VLOOKUP(B50,WELL_FIELD,2)) | DY50: =IF(B50="","","KHALDA_WELL") -> KHALDA_WELL | DZ50: =REPORTDATE-1 -> 46284 | EA50: =B50 -> MRZK-188ST2 | EB50: =J50 -> 0 | EC50: =K50 -> 220 | ED50: =F50 -> 0 | EE50: =IF(DB50=0,"SI",E50) -> SI | EH50: =IF(H50="","",H50) | EI50: =AI50 -> 0 | EJ50: =V50 -> 2.25 | EK50: =G50 -> 0 | EN50: =AB50 -> 0 | EP50: =AC50 -> 0 | EQ50: =AE50 -> 0 | ET50: =AD50 -> 0 | EU50: =AF50 -> 0 | EW50: =W50 -> 100 | EX50: =X50 -> 475 | EY50: =Y50 -> 85 | EZ50: =Z50 -> 80 | FA50: =AP50 -> S/D on 17-08-2023 due to DHP Last W/O 01/2019 (I.SRP.I), Started up 19-1-19 | FB50: =IF(OR(E50="SI",B50="",E50="T&A"),"",VLOOKUP(B50,WELL_FIELD,2))
B51: MRZK-203 | C51: UBAH | E51: ESP | F51: 24 | G51: =IF(OR(WSTATUS="T&A",DTCAUSE="PUMP OFF MODE",DTCAUSE="UNDER LOAD"),0,BOPD/24*(24-HOURS)) -> 0 | I51: 0 | J51: OPEN | K51: 130 | L51: 130 | M51: 0 | N51: OP | O51: 142 | P51: 46255 | Q51: 3159 | R51: 100 | S51: 2826 | U51: 5997 | V51: FLEX-10 | AE51: 32 | AF51: 53 | AG51: 38 | AH51: =IF(AG51="","",AE51/AG51*100) -> 84.210526 | AI51: =AN51/24*F51 -> 30.256 | AJ51: 46199 | AK51: 976 | AM51: 96.9 | AN51: =IF(BFPD=0,0,BFPD*(1-BSW/100)) -> 30.256 | AO51: 62000 | AP51: Last W/O 03/2024 Started-up 26/03/2024 | BJ51: =+IF(E51="SI",0,AK51*AM51/100) -> 945.744 | CW51: KHALDA_WELL | CX51: =REPORTDATE-1 -> 46284 | CY51: =$CV$3&B51 -> 9MRZK-203 | CZ51: =J51 -> OPEN | DA51: =K51 -> 130 | DB51: =F51 -> 24 | DC51: =IF(DB51=0,"SI",E51) -> ESP | DF51: =O51 -> 142 | DG51: =AA51 -> 0 | DH51: =AB51 -> 0 | DI51: =AC51 -> 0 | DJ51: =AD51 -> 0 | DK51: =AE51 -> 32 | DN51: =AF51 -> 53 | DO51: =AI51 -> 30.256 | DP51: =IF(H51="","",H51) | DQ51: =AN51/24*HOURS -> 30.256 | DR51: =I51 -> 0 | DS51: =IF(OR(E51="SI",B51="",E51="T&A"),"",VLOOKUP(B51,WELL_FIELD,2)) -> MAIN | DY51: =IF(B51="","","KHALDA_WELL") -> KHALDA_WELL | DZ51: =REPORTDATE-1 -> 46284 | EA51: =B51 -> MRZK-203 | EB51: =J51 -> OPEN | EC51: =K51 -> 130 | ED51: =F51 -> 24 | EE51: =IF(DB51=0,"SI",E51) -> ESP | EH51: =IF(H51="","",H51) | EI51: =AI51 -> 30.256 | EJ51: =V51 -> FLEX-10 | EK51: =G51 -> 0 | EN51: =AB51 -> 0 | EP51: =AC51 -> 0 | EQ51: =AE51 -> 32 | ET51: =AD51 -> 0 | EU51: =AF51 -> 53 | EW51: =W51 -> 0 | EX51: =X51 -> 0 | EY51: =Y51 -> 0 | EZ51: =Z51 -> 0 | FA51: =AP51 -> Last W/O 03/2024 Started-up 26/03/2024 | FB51: =IF(OR(E51="SI",B51="",E51="T&A"),"",VLOOKUP(B51,WELL_FIELD,2)) -> MAIN
B52: MRZK-204 | C52: UBAH/ARG | E52: SRP | F52: 24 | G52: =IF(OR(WSTATUS="T&A",DTCAUSE="PUMP OFF MODE",DTCAUSE="UNDER LOAD"),0,BOPD/24*(24-HOURS)) -> 0 | J52: Spool | K52: 130 | L52: 130 | N52: OP | O52: 86 | P52: 46273 | Q52: 4286 | R52: 63 | S52: 551 | U52: 5285 | V52: 2.25" | W52: 100 | X52: 480 | Y52: 97 | Z52: 80 | AA52: C-912 | AB52: 6.43 | AC52: 168 | AD52: 950 | AH52: =IF(AG52="","",AE52/AG52*100) | AI52: =AN52/24*F52 -> 30.24 | AJ52: 46199 | AK52: 432 | AM52: 93 | AN52: =IF(BFPD=0,0,BFPD*(1-BSW/100)) -> 30.24 | AO52: 65000 | AP52: Last W/O Apr/2026 (R/C, Re-perf ARG & UB100, convert F/ESP T/SRP) Started up to production 24-04-2026 after W/O | BJ52: =+IF(E52="SI",0,AK52*AM52/100) -> 401.76 | CW52: KHALDA_WELL | CX52: =REPORTDATE-1 -> 46284 | CY52: =$CV$3&B52 -> 9MRZK-204 | CZ52: =J52 -> Spool | DA52: =K52 -> 130 | DB52: =F52 -> 24 | DC52: =IF(DB52=0,"SI",E52) -> SRP | DF52: =O52 -> 86 | DG52: =AA52 -> C-912 | DH52: =AB52 -> 6.43 | DI52: =AC52 -> 168 | DJ52: =AD52 -> 950 | DK52: =AE52 -> 0 | DN52: =AF52 -> 0 | DO52: =AI52 -> 30.24 | DP52: =IF(H52="","",H52) | DQ52: =AN52/24*HOURS -> 30.24 | DR52: =I52 -> 0 | DS52: =IF(OR(E52="SI",B52="",E52="T&A"),"",VLOOKUP(B52,WELL_FIELD,2)) -> MAIN | DY52: =IF(B52="","","KHALDA_WELL") -> KHALDA_WELL | DZ52: =REPORTDATE-1 -> 46284 | EA52: =B52 -> MRZK-204 | EB52: =J52 -> Spool | EC52: =K52 -> 130 | ED52: =F52 -> 24 | EE52: =IF(DB52=0,"SI",E52) -> SRP | EH52: =IF(H52="","",H52) | EI52: =AI52 -> 30.24 | EJ52: =V52 -> 2.25" | EK52: =G52 -> 0 | EN52: =AB52 -> 6.43 | EP52: =AC52 -> 168 | EQ52: =AE52 -> 0 | ET52: =AD52 -> 950 | EU52: =AF52 -> 0 | EW52: =W52 -> 100 | EX52: =X52 -> 480 | EY52: =Y52 -> 97 | EZ52: =Z52 -> 80 | FA52: =AP52 -> Last W/O Apr/2026 (R/C, Re-perf ARG & UB100, convert F/ESP T/SRP) Started up to production 24-04-2026 after W/O | FB52: =IF(OR(E52="SI",B52="",E52="T&A"),"",VLOOKUP(B52,WELL_FIELD,2)) -> MAIN
B53: MRZK-206 | C53: ARG | E53: ESP | F53: 24 | G53: =IF(OR(WSTATUS="T&A",DTCAUSE="PUMP OFF MODE",DTCAUSE="UNDER LOAD"),0,BOPD/24*(24-HOURS)) -> 0 | I53: 7 | J53: 128 | K53: 100 | L53: 90 | M53: 90 | N53: OP | O53: 120 | P53: 46178 | Q53: 4743.11 | R53: 70 | S53: 403 | U53: 5323 | V53: 538-2600 | AE53: 25 | AF53: 45 | AG53: 51 | AH53: =IF(AG53="","",AE53/AG53*100) -> 49.019608 | AI53: =AN53/24*F53 -> 30.2855 | AJ53: 46245 | AK53: 509 | AM53: 94.05 | AN53: =IF(BFPD=0,0,BFPD*(1-BSW/100)) -> 30.2855 | AO53: 55000 | AP53: Last W/O 10/2022 (IPI) Started up to production 16-10-2022 after W/O | BJ53: =+IF(E53="SI",0,AK53*AM53/100) -> 478.7145 | CW53: KHALDA_WELL | CX53: =REPORTDATE-1 -> 46284 | CY53: =$CV$3&B53 -> 9MRZK-206 | CZ53: =J53 -> 128 | DA53: =K53 -> 100 | DB53: =F53 -> 24 | DC53: =IF(DB53=0,"SI",E53) -> ESP | DF53: =O53 -> 120 | DG53: =AA53 -> 0 | DH53: =AB53 -> 0 | DI53: =AC53 -> 0 | DJ53: =AD53 -> 0 | DK53: =AE53 -> 25 | DN53: =AF53 -> 45 | DO53: =AI53 -> 30.2855 | DP53: =IF(H53="","",H53) | DQ53: =AN53/24*HOURS -> 30.2855 | DR53: =I53 -> 7 | DS53: =IF(OR(E53="SI",B53="",E53="T&A"),"",VLOOKUP(B53,WELL_FIELD,2)) -> MAIN | DY53: =IF(B53="","","KHALDA_WELL") -> KHALDA_WELL | DZ53: =REPORTDATE-1 -> 46284 | EA53: =B53 -> MRZK-206 | EB53: =J53 -> 128 | EC53: =K53 -> 100 | ED53: =F53 -> 24 | EE53: =IF(DB53=0,"SI",E53) -> ESP | EH53: =IF(H53="","",H53) | EI53: =AI53 -> 30.2855 | EJ53: =V53 -> 538-2600 | EK53: =G53 -> 0 | EN53: =AB53 -> 0 | EP53: =AC53 -> 0 | EQ53: =AE53 -> 25 | ET53: =AD53 -> 0 | EU53: =AF53 -> 45 | EW53: =W53 -> 0 | EX53: =X53 -> 0 | EY53: =Y53 -> 0 | EZ53: =Z53 -> 0 | FA53: =AP53 -> Last W/O 10/2022 (IPI) Started up to production 16-10-2022 after W/O | FB53: =IF(OR(E53="SI",B53="",E53="T&A"),"",VLOOKUP(B53,WELL_FIELD,2)) -> MAIN
B54: MRZK-208 | C54: APOLLONIA | E54: SI | F54: 0 | G54: =IF(OR(WSTATUS="T&A",DTCAUSE="PUMP OFF MODE",DTCAUSE="UNDER LOAD"),0,BOPD/24*(24-HOURS)) -> 0 | M54: 20 | AI54: =AN54/24*F54 -> 0 | AN54: =IF(BFPD=0,0,BFPD*(1-BSW/100)) -> 0 | AP54: Last W/O FEB/2024 | BJ54: =+IF(E54="SI",0,AK54*AM54/100) -> 0 | CW54: KHALDA_WELL | CX54: =REPORTDATE-1 -> 46284 | CY54: =$CV$3&B54 -> 9MRZK-208 | CZ54: =J54 -> 0 | DA54: =K54 -> 0 | DB54: =F54 -> 0 | DC54: =IF(DB54=0,"SI",E54) -> SI | DF54: =O54 -> 0 | DG54: =AA54 -> 0 | DH54: =AB54 -> 0 | DI54: =AC54 -> 0 | DJ54: =AD54 -> 0 | DK54: =AE54 -> 0 | DN54: =AF54 -> 0 | DO54: =AI54 -> 0 | DP54: =IF(H54="","",H54) | DQ54: =AN54/24*HOURS -> 0 | DR54: =I54 -> 0 | DS54: =IF(OR(E54="SI",B54="",E54="T&A"),"",VLOOKUP(B54,WELL_FIELD,2)) | DY54: =IF(B54="","","KHALDA_WELL") -> KHALDA_WELL | DZ54: =REPORTDATE-1 -> 46284 | EA54: =B54 -> MRZK-208 | EB54: =J54 -> 0 | EC54: =K54 -> 0 | ED54: =F54 -> 0 | EE54: =IF(DB54=0,"SI",E54) -> SI | EH54: =IF(H54="","",H54) | EI54: =AI54 -> 0 | EJ54: =V54 -> 0 | EK54: =G54 -> 0 | EN54: =AB54 -> 0 | EP54: =AC54 -> 0 | EQ54: =AE54 -> 0 | ET54: =AD54 -> 0 | EU54: =AF54 -> 0 | EW54: =W54 -> 0 | EX54: =X54 -> 0 | EY54: =Y54 -> 0 | EZ54: =Z54 -> 0 | FA54: =AP54 -> Last W/O FEB/2024 | FB54: =IF(OR(E54="SI",B54="",E54="T&A"),"",VLOOKUP(B54,WELL_FIELD,2))
B55: MRZK-212 | C55: LBAH | E55: ESP | F55: 24 | G55: =IF(OR(WSTATUS="T&A",DTCAUSE="PUMP OFF MODE",DTCAUSE="UNDER LOAD"),0,BOPD/24*(24-HOURS)) -> 0 | J55: 128 | K55: 280 | L55: 270 | N55: CL | O55: 171 | U55: 3477 | V55: 538-9000 | AE55: 52 | AF55: 50 | AG55: 64 | AH55: =IF(AG55="","",AE55/AG55*100) -> 81.25 | AI55: =AN55/24*F55 -> 101.15 | AJ55: 46279 | AK55: 7225 | AM55: 98.6 | AN55: =IF(BFPD=0,0,BFPD*(1-BSW/100)) -> 101.15 | AO55: 48000 | AP55: started up the well after W/O(ESPR) dated 7-8-2026 | BJ55: =+IF(E55="SI",0,AK55*AM55/100) -> 7123.85 | CW55: KHALDA_WELL | CX55: =REPORTDATE-1 -> 46284 | CY55: =$CV$3&B55 -> 9MRZK-212 | CZ55: =J55 -> 128 | DA55: =K55 -> 280 | DB55: =F55 -> 24 | DC55: =IF(DB55=0,"SI",E55) -> ESP | DF55: =O55 -> 171 | DG55: =AA55 -> 0 | DH55: =AB55 -> 0 | DI55: =AC55 -> 0 | DJ55: =AD55 -> 0 | DK55: =AE55 -> 52 | DN55: =AF55 -> 50 | DO55: =AI55 -> 101.15 | DP55: =IF(H55="","",H55) | DQ55: =AN55/24*HOURS -> 101.15 | DR55: =I55 -> 0 | DS55: =IF(OR(E55="SI",B55="",E55="T&A"),"",VLOOKUP(B55,WELL_FIELD,2)) -> MAIN | DY55: =IF(B55="","","KHALDA_WELL") -> KHALDA_WELL | DZ55: =REPORTDATE-1 -> 46284 | EA55: =B55 -> MRZK-212 | EB55: =J55 -> 128 | EC55: =K55 -> 280 | ED55: =F55 -> 24 | EE55: =IF(DB55=0,"SI",E55) -> ESP | EH55: =IF(H55="","",H55) | EI55: =AI55 -> 101.15 | EJ55: =V55 -> 538-9000 | EK55: =G55 -> 0 | EN55: =AB55 -> 0 | EP55: =AC55 -> 0 | EQ55: =AE55 -> 52 | ET55: =AD55 -> 0 | EU55: =AF55 -> 50 | EW55: =W55 -> 0 | EX55: =X55 -> 0 | EY55: =Y55 -> 0 | EZ55: =Z55 -> 0 | FA55: =AP55 -> started up the well after W/O(ESPR) dated 7-8-2026 | FB55: =IF(OR(E55="SI",B55="",E55="T&A"),"",VLOOKUP(B55,WELL_FIELD,2)) -> MAIN
B56: MRZK-214 | C56: U/L.BAH | E56: ESP | F56: 24 | G56: =IF(OR(WSTATUS="T&A",DTCAUSE="PUMP OFF MODE",DTCAUSE="UNDER LOAD"),0,BOPD/24*(24-HOURS)) -> 0 | I56: 0 | J56: OPEN | K56: 130 | L56: 120 | M56: 0 | N56: OP | O56: 142 | P56: 46058 | Q56: 2410.36 | R56: 100 | S56: 3888 | U56: 6298 | V56: WD1000MF | AE56: 23 | AF56: 54 | AG56: 32 | AH56: =IF(AG56="","",AE56/AG56*100) -> 71.875 | AI56: =AN56/24*F56 -> 49.82 | AJ56: 46268 | AK56: 1060 | AM56: 95.3 | AN56: =IF(BFPD=0,0,BFPD*(1-BSW/100)) -> 49.82 | AO56: 64000 | AP56: started up 2/10/2024 after W/O (ESPR F/ 400-2200 T/WF1000MF) | BJ56: =+IF(E56="SI",0,AK56*AM56/100) -> 1010.18 | CW56: KHALDA_WELL | CX56: =REPORTDATE-1 -> 46284 | CY56: =$CV$3&B56 -> 9MRZK-214 | CZ56: =J56 -> OPEN | DA56: =K56 -> 130 | DB56: =F56 -> 24 | DC56: =IF(DB56=0,"SI",E56) -> ESP | DF56: =O56 -> 142 | DG56: =AA56 -> 0 | DH56: =AB56 -> 0 | DI56: =AC56 -> 0 | DJ56: =AD56 -> 0 | DK56: =AE56 -> 23 | DN56: =AF56 -> 54 | DO56: =AI56 -> 49.82 | DP56: =IF(H56="","",H56) | DQ56: =AN56/24*HOURS -> 49.82 | DR56: =I56 -> 0 | DS56: =IF(OR(E56="SI",B56="",E56="T&A"),"",VLOOKUP(B56,WELL_FIELD,2)) -> MAIN | DY56: =IF(B56="","","KHALDA_WELL") -> KHALDA_WELL | DZ56: =REPORTDATE-1 -> 46284 | EA56: =B56 -> MRZK-214 | EB56: =J56 -> OPEN | EC56: =K56 -> 130 | ED56: =F56 -> 24 | EE56: =IF(DB56=0,"SI",E56) -> ESP | EH56: =IF(H56="","",H56) | EI56: =AI56 -> 49.82 | EJ56: =V56 -> WD1000MF | EK56: =G56 -> 0 | EN56: =AB56 -> 0 | EP56: =AC56 -> 0 | EQ56: =AE56 -> 23 | ET56: =AD56 -> 0 | EU56: =AF56 -> 54 | EW56: =W56 -> 0 | EX56: =X56 -> 0 | EY56: =Y56 -> 0 | EZ56: =Z56 -> 0 | FA56: =AP56 -> started up 2/10/2024 after W/O (ESPR F/ 400-2200 T/WF1000MF) | FB56: =IF(OR(E56="SI",B56="",E56="T&A"),"",VLOOKUP(B56,WELL_FIELD,2)) -> MAIN
B57: NRZK-01 | C57: KHAR | D57: ESP(JN12000) | E57: SI | F57: 0 | G57: =IF(OR(WSTATUS="T&A",DTCAUSE="PUMP OFF MODE",DTCAUSE="UNDER LOAD"),0,BOPD/24*(24-HOURS)) -> 0 | M57: 75 | P57: 43477 | Q57: Fluid level couldn't be detected | U57: 6958 | V57: 1.75 | AH57: =IF(AG57="","",AE57/AG57*100) | AI57: =AN57/24*F57 -> 0 | AN57: =IF(BFPD=0,0,BFPD*(1-BSW/100)) -> 0 | AP57: S/I 16/09/2019 due to high W.C%, on 25-12-2019 CHSIP ±130 Psi SFL @ surface | BJ57: =+IF(E57="SI",0,AK57*AM57/100) -> 0 | CW57: KHALDA_WELL | CX57: =REPORTDATE-1 -> 46284 | CY57: =$CV$3&B57 -> 9NRZK-01 | CZ57: =J57 -> 0 | DA57: =K57 -> 0 | DB57: =F57 -> 0 | DC57: =IF(DB57=0,"SI",E57) -> SI | DF57: =O57 -> 0 | DG57: =AA57 -> 0 | DH57: =AB57 -> 0 | DI57: =AC57 -> 0 | DJ57: =AD57 -> 0 | DK57: =AE57 -> 0 | DN57: =AF57 -> 0 | DO57: =AI57 -> 0 | DP57: =IF(H57="","",H57) | DQ57: =AN57/24*HOURS -> 0 | DR57: =I57 -> 0 | DS57: =IF(OR(E57="SI",B57="",E57="T&A"),"",VLOOKUP(B57,WELL_FIELD,2)) | DY57: =IF(B57="","","KHALDA_WELL") -> KHALDA_WELL | DZ57: =REPORTDATE-1 -> 46284 | EA57: =B57 -> NRZK-01 | EB57: =J57 -> 0 | EC57: =K57 -> 0 | ED57: =F57 -> 0 | EE57: =IF(DB57=0,"SI",E57) -> SI | EH57: =IF(H57="","",H57) | EI57: =AI57 -> 0 | EJ57: =V57 -> 1.75 | EK57: =G57 -> 0 | EN57: =AB57 -> 0 | EP57: =AC57 -> 0 | EQ57: =AE57 -> 0 | ET57: =AD57 -> 0 | EU57: =AF57 -> 0 | EW57: =W57 -> 0 | EX57: =X57 -> 0 | EY57: =Y57 -> 0 | EZ57: =Z57 -> 0 | FA57: =AP57 -> S/I 16/09/2019 due to high W.C%, on 25-12-2019 CHSIP ±130 Psi SFL @ surface | FB57: =IF(OR(E57="SI",B57="",E57="T&A"),"",VLOOKUP(B57,WELL_FIELD,2))
B58: NRZK-02 | C58: ALMDOL | D58: ESP(GN7000) | E58: ESP | F58: 24 | G58: =IF(OR(WSTATUS="T&A",DTCAUSE="PUMP OFF MODE",DTCAUSE="UNDER LOAD"),0,BOPD/24*(24-HOURS)) -> 0 | I58: 0 | J58: OPEN | K58: 120 | L58: 110 | M58: 50 | N58: CL | O58: 191 | P58: 46120 | Q58: 843 | R58: 100 | S58: 2132 | U58: 2975 | V58: S8000N | AE58: 57 | AF58: 50 | AG58: 61 | AH58: =IF(AG58="","",AE58/AG58*100) -> 93.442623 | AI58: =AN58/24*F58 -> 120.802 | AJ58: 46274 | AK58: 6358 | AM58: 98.1 | AN58: =IF(BFPD=0,0,BFPD*(1-BSW/100)) -> 120.802 | AO58: 91000 | AP58: On 11/03/2025: Started up the well after W/O (R/C). | BJ58: =+IF(E58="SI",0,AK58*AM58/100) -> 6237.198 | CW58: KHALDA_WELL | CX58: =REPORTDATE-1 -> 46284 | CY58: =$CV$3&B58 -> 9NRZK-02 | CZ58: =J58 -> OPEN | DA58: =K58 -> 120 | DB58: =F58 -> 24 | DC58: =IF(DB58=0,"SI",E58) -> ESP | DF58: =O58 -> 191 | DG58: =AA58 -> 0 | DH58: =AB58 -> 0 | DI58: =AC58 -> 0 | DJ58: =AD58 -> 0 | DK58: =AE58 -> 57 | DN58: =AF58 -> 50 | DO58: =AI58 -> 120.802 | DP58: =IF(H58="","",H58) | DQ58: =AN58/24*HOURS -> 120.802 | DR58: =I58 -> 0 | DS58: =IF(OR(E58="SI",B58="",E58="T&A"),"",VLOOKUP(B58,WELL_FIELD,2)) -> NORTH | DY58: =IF(B58="","","KHALDA_WELL") -> KHALDA_WELL | DZ58: =REPORTDATE-1 -> 46284 | EA58: =B58 -> NRZK-02 | EB58: =J58 -> OPEN | EC58: =K58 -> 120 | ED58: =F58 -> 24 | EE58: =IF(DB58=0,"SI",E58) -> ESP | EH58: =IF(H58="","",H58) | EI58: =AI58 -> 120.802 | EJ58: =V58 -> S8000N | EK58: =G58 -> 0 | EN58: =AB58 -> 0 | EP58: =AC58 -> 0 | EQ58: =AE58 -> 57 | ET58: =AD58 -> 0 | EU58: =AF58 -> 50 | EW58: =W58 -> 0 | EX58: =X58 -> 0 | EY58: =Y58 -> 0 | EZ58: =Z58 -> 0 | FA58: =AP58 -> On 11/03/2025: Started up the well after W/O (R/C). | FB58: =IF(OR(E58="SI",B58="",E58="T&A"),"",VLOOKUP(B58,WELL_FIELD,2)) -> NORTH
B59: NRZK-03 | C59: KHAR | D59: ESP(GN1600) | E59: SI | F59: 0 | G59: =IF(OR(WSTATUS="T&A",DTCAUSE="PUMP OFF MODE",DTCAUSE="UNDER LOAD"),0,BOPD/24*(24-HOURS)) -> 0 | M59: 20 | P59: 45558 | R59: 100 | S59: 4898 | T59: 45 | U59: 4970 | V59: GN-4000 | AI59: =AN59/24*F59 -> 0 | AN59: =IF(BFPD=0,0,BFPD*(1-BSW/100)) -> 0 | AP59: S/I 27/07/2020 DH Short circuit | BJ59: =+IF(E59="SI",0,AK59*AM59/100) -> 0 | CW59: KHALDA_WELL | CX59: =REPORTDATE-1 -> 46284 | CY59: =$CV$3&B59 -> 9NRZK-03 | CZ59: =J59 -> 0 | DA59: =K59 -> 0 | DB59: =F59 -> 0 | DC59: =IF(DB59=0,"SI",E59) -> SI | DF59: =O59 -> 0 | DG59: =AA59 -> 0 | DH59: =AB59 -> 0 | DI59: =AC59 -> 0 | DJ59: =AD59 -> 0 | DK59: =AE59 -> 0 | DN59: =AF59 -> 0 | DO59: =AI59 -> 0 | DP59: =IF(H59="","",H59) | DQ59: =AN59/24*HOURS -> 0 | DR59: =I59 -> 0 | DS59: =IF(OR(E59="SI",B59="",E59="T&A"),"",VLOOKUP(B59,WELL_FIELD,2)) | DY59: =IF(B59="","","KHALDA_WELL") -> KHALDA_WELL | DZ59: =REPORTDATE-1 -> 46284 | EA59: =B59 -> NRZK-03 | EB59: =J59 -> 0 | EC59: =K59 -> 0 | ED59: =F59 -> 0 | EE59: =IF(DB59=0,"SI",E59) -> SI | EH59: =IF(H59="","",H59) | EI59: =AI59 -> 0 | EJ59: =V59 -> GN-4000 | EK59: =G59 -> 0 | EN59: =AB59 -> 0 | EP59: =AC59 -> 0 | EQ59: =AE59 -> 0 | ET59: =AD59 -> 0 | EU59: =AF59 -> 0 | EW59: =W59 -> 0 | EX59: =X59 -> 0 | EY59: =Y59 -> 0 | EZ59: =Z59 -> 0 | FA59: =AP59 -> S/I 27/07/2020 DH Short circuit | FB59: =IF(OR(E59="SI",B59="",E59="T&A"),"",VLOOKUP(B59,WELL_FIELD,2))
B60: NRZK-04 | C60: ALMDOL | D60: ESP(SN8000) | E60: ESP | F60: 24 | G60: =IF(OR(WSTATUS="T&A",DTCAUSE="PUMP OFF MODE",DTCAUSE="UNDER LOAD"),0,BOPD/24*(24-HOURS)) -> 0 | I60: 0 | J60: Spool | K60: 130 | L60: 120 | N60: CL | O60: 194 | P60: 45764 | Q60: 727.78 | R60: 100 | S60: 2176 | U60: 2904 | V60: SN8000 | AE60: 52 | AF60: 50 | AG60: 67 | AH60: =IF(AG60="","",AE60/AG60*100) -> 77.61194 | AI60: =AN60/24*F60 -> 81.2475 | AJ60: 46276 | AK60: 7065 | AM60: 98.85 | AN60: =IF(BFPD=0,0,BFPD*(1-BSW/100)) -> 81.2475 | AO60: 91000 | AP60: Last W/O 11/2018 (P/R), Started up 11/11/2018 | BJ60: =+IF(E60="SI",0,AK60*AM60/100) -> 6983.7525 | CW60: KHALDA_WELL | CX60: =REPORTDATE-1 -> 46284 | CY60: =$CV$3&B60 -> 9NRZK-04 | CZ60: =J60 -> Spool | DA60: =K60 -> 130 | DB60: =F60 -> 24 | DC60: =IF(DB60=0,"SI",E60) -> ESP | DF60: =O60 -> 194 | DG60: =AA60 -> 0 | DH60: =AB60 -> 0 | DI60: =AC60 -> 0 | DJ60: =AD60 -> 0 | DK60: =AE60 -> 52 | DN60: =AF60 -> 50 | DO60: =AI60 -> 81.2475 | DP60: =IF(H60="","",H60) | DQ60: =AN60/24*HOURS -> 81.2475 | DR60: =I60 -> 0 | DS60: =IF(OR(E60="SI",B60="",E60="T&A"),"",VLOOKUP(B60,WELL_FIELD,2)) -> NORTH | DY60: =IF(B60="","","KHALDA_WELL") -> KHALDA_WELL | DZ60: =REPORTDATE-1 -> 46284 | EA60: =B60 -> NRZK-04 | EB60: =J60 -> Spool | EC60: =K60 -> 130 | ED60: =F60 -> 24 | EE60: =IF(DB60=0,"SI",E60) -> ESP | EH60: =IF(H60="","",H60) | EI60: =AI60 -> 81.2475 | EJ60: =V60 -> SN8000 | EK60: =G60 -> 0 | EN60: =AB60 -> 0 | EP60: =AC60 -> 0 | EQ60: =AE60 -> 52 | ET60: =AD60 -> 0 | EU60: =AF60 -> 50 | EW60: =W60 -> 0 | EX60: =X60 -> 0 | EY60: =Y60 -> 0 | EZ60: =Z60 -> 0 | FA60: =AP60 -> Last W/O 11/2018 (P/R), Started up 11/11/2018 | FB60: =IF(OR(E60="SI",B60="",E60="T&A"),"",VLOOKUP(B60,WELL_FIELD,2)) -> NORTH
B61: NRZK-07ST1 | C61: BAH | D61: SRP | E61: SI | F61: 0 | G61: =IF(OR(WSTATUS="T&A",DTCAUSE="PUMP OFF MODE",DTCAUSE="UNDER LOAD"),0,BOPD/24*(24-HOURS)) -> 0 | M61: 160 | O61: 90 | P61: 42308 | Q61: 153 | R61: 100 | S61: 6228 | U61: 6414 | V61: 1.75 | AH61: =IF(AG61="","",AE61/AG61*100) | AI61: =AN61/24*F61 -> 0 | AN61: =IF(BFPD=0,0,BFPD*(1-BSW/100)) -> 0 | AP61: S/I 03/11/2015 due to High W.C, SRU Removed, SFL @ surface | BJ61: =+IF(E61="SI",0,AK61*AM61/100) -> 0 | CW61: KHALDA_WELL | CX61: =REPORTDATE-1 -> 46284 | CY61: =$CV$3&B61 -> 9NRZK-07ST1 | CZ61: =J61 -> 0 | DA61: =K61 -> 0 | DB61: =F61 -> 0 | DC61: =IF(DB61=0,"SI",E61) -> SI | DF61: =O61 -> 90 | DG61: =AA61 -> 0 | DH61: =AB61 -> 0 | DI61: =AC61 -> 0 | DJ61: =AD61 -> 0 | DK61: =AE61 -> 0 | DN61: =AF61 -> 0 | DO61: =AI61 -> 0 | DP61: =IF(H61="","",H61) | DQ61: =AN61/24*HOURS -> 0 | DR61: =I61 -> 0 | DS61: =IF(OR(E61="SI",B61="",E61="T&A"),"",VLOOKUP(B61,WELL_FIELD,2)) | DY61: =IF(B61="","","KHALDA_WELL") -> KHALDA_WELL | DZ61: =REPORTDATE-1 -> 46284 | EA61: =B61 -> NRZK-07ST1 | EB61: =J61 -> 0 | EC61: =K61 -> 0 | ED61: =F61 -> 0 | EE61: =IF(DB61=0,"SI",E61) -> SI | EH61: =IF(H61="","",H61) | EI61: =AI61 -> 0 | EJ61: =V61 -> 1.75 | EK61: =G61 -> 0 | EN61: =AB61 -> 0 | EP61: =AC61 -> 0 | EQ61: =AE61 -> 0 | ET61: =AD61 -> 0 | EU61: =AF61 -> 0 | EW61: =W61 -> 0 | EX61: =X61 -> 0 | EY61: =Y61 -> 0 | EZ61: =Z61 -> 0 | FA61: =AP61 -> S/I 03/11/2015 due to High W.C, SRU Removed, SFL @ surface | FB61: =IF(OR(E61="SI",B61="",E61="T&A"),"",VLOOKUP(B61,WELL_FIELD,2))
B62: NRZK-09 | C62: ALMDOL | D62: Carry over happened yesterday due to upset in EPF Sep. operation for Two Hrs; Bypassed sep. due to problem in two Level switches; cont. troubleshooting the Sep | E62: SI | F62: 0 | G62: =IF(OR(WSTATUS="T&A",DTCAUSE="PUMP OFF MODE",DTCAUSE="UNDER LOAD"),0,BOPD/24*(24-HOURS)) -> 0 | M62: 0 | P62: 45559 | R62: 100 | S62: 5065 | T62: 915 | AH62: =IF(AG62="","",AE62/AG62*100) | AI62: =AN62/24*F62 -> 0 | AN62: =IF(BFPD=0,0,BFPD*(1-BSW/100)) -> 0 | AP62: Last W/O June-2023 (perf/acidize/ test ALM-DOL (Middle) & showed 100% W.C, RIH W/ kill string) | BJ62: =+IF(E62="SI",0,AK62*AM62/100) -> 0 | CW62: KHALDA_WELL | CX62: =REPORTDATE-1 -> 46284 | CY62: =$CV$3&B62 -> 9NRZK-09 | CZ62: =J62 -> 0 | DA62: =K62 -> 0 | DB62: =F62 -> 0 | DC62: =IF(DB62=0,"SI",E62) -> SI | DF62: =O62 -> 0 | DG62: =AA62 -> 0 | DH62: =AB62 -> 0 | DI62: =AC62 -> 0 | DJ62: =AD62 -> 0 | DK62: =AE62 -> 0 | DN62: =AF62 -> 0 | DO62: =AI62 -> 0 | DP62: =IF(H62="","",H62) | DQ62: =AN62/24*HOURS -> 0 | DR62: =I62 -> 0 | DS62: =IF(OR(E62="SI",B62="",E62="T&A"),"",VLOOKUP(B62,WELL_FIELD,2)) | DY62: =IF(B62="","","KHALDA_WELL") -> KHALDA_WELL | DZ62: =REPORTDATE-1 -> 46284 | EA62: =B62 -> NRZK-09 | EB62: =J62 -> 0 | EC62: =K62 -> 0 | ED62: =F62 -> 0 | EE62: =IF(DB62=0,"SI",E62) -> SI | EH62: =IF(H62="","",H62) | EI62: =AI62 -> 0 | EJ62: =V62 -> 0 | EK62: =G62 -> 0 | EN62: =AB62 -> 0 | EP62: =AC62 -> 0 | EQ62: =AE62 -> 0 | ET62: =AD62 -> 0 | EU62: =AF62 -> 0 | EW62: =W62 -> 0 | EX62: =X62 -> 0 | EY62: =Y62 -> 0 | EZ62: =Z62 -> 0 | FA62: =AP62 -> Last W/O June-2023 (perf/acidize/ test ALM-DOL (Middle) & showed 100% W.C, RIH W/ kill string) | FB62: =IF(OR(E62="SI",B62="",E62="T&A"),"",VLOOKUP(B62,WELL_FIELD,2))
B63: NRZK-10 | C63: ALMDOL | D63: ESP(SN6000) | E63: ESP | F63: 24 | G63: =IF(OR(WSTATUS="T&A",DTCAUSE="PUMP OFF MODE",DTCAUSE="UNDER LOAD"),0,BOPD/24*(24-HOURS)) -> 0 | J63: Spool | K63: 140 | L63: 130 | M63: 0 | N63: CL | O63: 188 | P63: 45558 | R63: 100 | S63: 2606 | T63: 202 | U63: 2808 | V63: SN6000 | AE63: 53 | AF63: 50 | AG63: 61 | AH63: =IF(AG63="","",AE63/AG63*100) -> 86.885246 | AI63: =AN63/24*F63 -> 18.354 | AJ63: 46274 | AK63: 6118 | AM63: 99.7 | AN63: =IF(BFPD=0,0,BFPD*(1-BSW/100)) -> 18.354 | AO63: 91000 | AP63: Started up 04-09-2026 S/D on 31-12-2022 to match RZK oil processing plant capacity, Started up 3-9-2026 | BJ63: =+IF(E63="SI",0,AK63*AM63/100) -> 6099.646 | CW63: KHALDA_WELL | CX63: =REPORTDATE-1 -> 46284 | CY63: =$CV$3&B63 -> 9NRZK-10 | CZ63: =J63 -> Spool | DA63: =K63 -> 140 | DB63: =F63 -> 24 | DC63: =IF(DB63=0,"SI",E63) -> ESP | DF63: =O63 -> 188 | DG63: =AA63 -> 0 | DH63: =AB63 -> 0 | DI63: =AC63 -> 0 | DJ63: =AD63 -> 0 | DK63: =AE63 -> 53 | DN63: =AF63 -> 50 | DO63: =AI63 -> 18.354 | DP63: =IF(H63="","",H63) | DQ63: =AN63/24*HOURS -> 18.354 | DR63: =I63 -> 0 | DS63: =IF(OR(E63="SI",B63="",E63="T&A"),"",VLOOKUP(B63,WELL_FIELD,2)) -> NORTH | DY63: =IF(B63="","","KHALDA_WELL") -> KHALDA_WELL | DZ63: =REPORTDATE-1 -> 46284 | EA63: =B63 -> NRZK-10 | EB63: =J63 -> Spool | EC63: =K63 -> 140 | ED63: =F63 -> 24 | EE63: =IF(DB63=0,"SI",E63) -> ESP | EH63: =IF(H63="","",H63) | EI63: =AI63 -> 18.354 | EJ63: =V63 -> SN6000 | EK63: =G63 -> 0 | EN63: =AB63 -> 0 | EP63: =AC63 -> 0 | EQ63: =AE63 -> 53 | ET63: =AD63 -> 0 | EU63: =AF63 -> 50 | EW63: =W63 -> 0 | EX63: =X63 -> 0 | EY63: =Y63 -> 0 | EZ63: =Z63 -> 0 | FA63: =AP63 -> Started up 04-09-2026 S/D on 31-12-2022 to match RZK oil processing plant capacity, Started up 3-9-2026 | FB63: =IF(OR(E63="SI",B63="",E63="T&A"),"",VLOOKUP(B63,WELL_FIELD,2)) -> NORTH
B64: NRZK-11 | C64: ALMDOL | D64: ESP(SN3600) | E64: ESP | F64: 22 | G64: =IF(OR(WSTATUS="T&A",DTCAUSE="PUMP OFF MODE",DTCAUSE="UNDER LOAD"),0,BOPD/24*(24-HOURS)) -> 5.725 | H64: Generator (Planned) | J64: 40 | K64: 660 | L64: 160 | N64: CL | O64: 191 | P64: 45576 | Q64: liquid @ surface | U64: 4996 | V64: SN6000 | AE64: 74 | AF64: 50 | AG64: 88 | AH64: =IF(AG64="","",AE64/AG64*100) -> 84.090909 | AI64: =AN64/24*F64 -> 62.975 | AJ64: 46275 | AK64: 5496 | AM64: 98.75 | AN64: =IF(BFPD=0,0,BFPD*(1-BSW/100)) -> 68.7 | AO64: 90000 | AP64: Last W/O 07/2021 (R/C), Performed acid/lift/test ALM DOL 5/7/2021 Started up the well 10-7-2021 | BJ64: =+IF(E64="SI",0,AK64*AM64/100) -> 5427.3 | CW64: KHALDA_WELL | CX64: =REPORTDATE-1 -> 46284 | CY64: =$CV$3&B64 -> 9NRZK-11 | CZ64: =J64 -> 40 | DA64: =K64 -> 660 | DB64: =F64 -> 22 | DC64: =IF(DB64=0,"SI",E64) -> ESP | DF64: =O64 -> 191 | DG64: =AA64 -> 0 | DH64: =AB64 -> 0 | DI64: =AC64 -> 0 | DJ64: =AD64 -> 0 | DK64: =AE64 -> 74 | DN64: =AF64 -> 50 | DO64: =AI64 -> 62.975 | DP64: =IF(H64="","",H64) -> Generator (Planned) | DQ64: =AN64/24*HOURS -> 62.975 | DR64: =I64 -> 0 | DS64: =IF(OR(E64="SI",B64="",E64="T&A"),"",VLOOKUP(B64,WELL_FIELD,2)) -> NORTH | DY64: =IF(B64="","","KHALDA_WELL") -> KHALDA_WELL | DZ64: =REPORTDATE-1 -> 46284 | EA64: =B64 -> NRZK-11 | EB64: =J64 -> 40 | EC64: =K64 -> 660 | ED64: =F64 -> 22 | EE64: =IF(DB64=0,"SI",E64) -> ESP | EH64: =IF(H64="","",H64) -> Generator (Planned) | EI64: =AI64 -> 62.975 | EJ64: =V64 -> SN6000 | EK64: =G64 -> 5.725 | EN64: =AB64 -> 0 | EP64: =AC64 -> 0 | EQ64: =AE64 -> 74 | ET64: =AD64 -> 0 | EU64: =AF64 -> 50 | EW64: =W64 -> 0 | EX64: =X64 -> 0 | EY64: =Y64 -> 0 | EZ64: =Z64 -> 0 | FA64: =AP64 -> Last W/O 07/2021 (R/C), Performed acid/lift/test ALM DOL 5/7/2021 Started up the well 10-7-2021 | FB64: =IF(OR(E64="SI",B64="",E64="T&A"),"",VLOOKUP(B64,WELL_FIELD,2)) -> NORTH
B65: NRZK-12 | C65: ALMDOL | D65: Heater PPM | E65: SI | F65: 0 | G65: =IF(OR(WSTATUS="T&A",DTCAUSE="PUMP OFF MODE",DTCAUSE="UNDER LOAD"),0,BOPD/24*(24-HOURS)) -> 0 | I65: 0 | J65: Spool | K65: 130 | L65: 130 | M65: 10 | N65: CL | O65: 191 | P65: 45576 | Q65: 0 | S65: 7556 | U65: 7556 | V65: SN3600 | AI65: =AN65/24*F65 -> 0 | AN65: =IF(BFPD=0,0,BFPD*(1-BSW/100)) -> 0 | AP65: S/D on 13-12-2024 due to DHP Last W/O 12/2018 (R/C) | BJ65: =+IF(E65="SI",0,AK65*AM65/100) -> 0 | CW65: KHALDA_WELL | CX65: =REPORTDATE-1 -> 46284 | CY65: =$CV$3&B65 -> 9NRZK-12 | CZ65: =J65 -> Spool | DA65: =K65 -> 130 | DB65: =F65 -> 0 | DC65: =IF(DB65=0,"SI",E65) -> SI | DF65: =O65 -> 191 | DG65: =AA65 -> 0 | DH65: =AB65 -> 0 | DI65: =AC65 -> 0 | DJ65: =AD65 -> 0 | DK65: =AE65 -> 0 | DN65: =AF65 -> 0 | DO65: =AI65 -> 0 | DP65: =IF(H65="","",H65) | DQ65: =AN65/24*HOURS -> 0 | DR65: =I65 -> 0 | DS65: =IF(OR(E65="SI",B65="",E65="T&A"),"",VLOOKUP(B65,WELL_FIELD,2)) | DY65: =IF(B65="","","KHALDA_WELL") -> KHALDA_WELL | DZ65: =REPORTDATE-1 -> 46284 | EA65: =B65 -> NRZK-12 | EB65: =J65 -> Spool | EC65: =K65 -> 130 | ED65: =F65 -> 0 | EE65: =IF(DB65=0,"SI",E65) -> SI | EH65: =IF(H65="","",H65) | EI65: =AI65 -> 0 | EJ65: =V65 -> SN3600 | EK65: =G65 -> 0 | EN65: =AB65 -> 0 | EP65: =AC65 -> 0 | EQ65: =AE65 -> 0 | ET65: =AD65 -> 0 | EU65: =AF65 -> 0 | EW65: =W65 -> 0 | EX65: =X65 -> 0 | EY65: =Y65 -> 0 | EZ65: =Z65 -> 0 | FA65: =AP65 -> S/D on 13-12-2024 due to DHP Last W/O 12/2018 (R/C) | FB65: =IF(OR(E65="SI",B65="",E65="T&A"),"",VLOOKUP(B65,WELL_FIELD,2))
B66: NRZK-14 | C66: KHAR | D66: WRZK,ERZK & NRQ : Running 24 Hrs MRZK: Running 23 Hrs | E66: SI | F66: 0 | G66: =IF(OR(WSTATUS="T&A",DTCAUSE="PUMP OFF MODE",DTCAUSE="UNDER LOAD"),0,BOPD/24*(24-HOURS)) -> 0 | I66: 0 | J66: Spool | K66: 120 | L66: 115 | M66: 170 | N66: CL | O66: 168 | P66: 45558 | R66: 100 | S66: 6822 | T66: 170 | U66: 6987 | V66: B 538-3600 | AI66: =AN66/24*F66 -> 0 | AN66: =IF(BFPD=0,0,BFPD*(1-BSW/100)) -> 0 | AP66: S/D on 27-07-2024 due to DHP Last W/O 01/2024 (P/R) | BJ66: =+IF(E66="SI",0,AK66*AM66/100) -> 0 | CW66: KHALDA_WELL | CX66: =REPORTDATE-1 -> 46284 | CY66: =$CV$3&B66 -> 9NRZK-14 | CZ66: =J66 -> Spool | DA66: =K66 -> 120 | DB66: =F66 -> 0 | DC66: =IF(DB66=0,"SI",E66) -> SI | DF66: =O66 -> 168 | DG66: =AA66 -> 0 | DH66: =AB66 -> 0 | DI66: =AC66 -> 0 | DJ66: =AD66 -> 0 | DK66: =AE66 -> 0 | DN66: =AF66 -> 0 | DO66: =AI66 -> 0 | DP66: =IF(H66="","",H66) | DQ66: =AN66/24*HOURS -> 0 | DR66: =I66 -> 0 | DS66: =IF(OR(E66="SI",B66="",E66="T&A"),"",VLOOKUP(B66,WELL_FIELD,2)) | DY66: =IF(B66="","","KHALDA_WELL") -> KHALDA_WELL | DZ66: =REPORTDATE-1 -> 46284 | EA66: =B66 -> NRZK-14 | EB66: =J66 -> Spool | EC66: =K66 -> 120 | ED66: =F66 -> 0 | EE66: =IF(DB66=0,"SI",E66) -> SI | EH66: =IF(H66="","",H66) | EI66: =AI66 -> 0 | EJ66: =V66 -> B 538-3600 | EK66: =G66 -> 0 | EN66: =AB66 -> 0 | EP66: =AC66 -> 0 | EQ66: =AE66 -> 0 | ET66: =AD66 -> 0 | EU66: =AF66 -> 0 | EW66: =W66 -> 0 | EX66: =X66 -> 0 | EY66: =Y66 -> 0 | EZ66: =Z66 -> 0 | FA66: =AP66 -> S/D on 27-07-2024 due to DHP Last W/O 01/2024 (P/R) | FB66: =IF(OR(E66="SI",B66="",E66="T&A"),"",VLOOKUP(B66,WELL_FIELD,2))
B67: NRZK-15 | C67: ALMDOL | D67: ESP(SN6000) | E67: ESP | F67: 24 | G67: =IF(OR(WSTATUS="T&A",DTCAUSE="PUMP OFF MODE",DTCAUSE="UNDER LOAD"),0,BOPD/24*(24-HOURS)) -> 0 | I67: 0 | J67: Spool | K67: 160 | L67: 140 | N67: CL | O67: 195 | P67: 46128 | Q67: 1221.18 | R67: 100 | S67: 2777 | U67: 3998 | V67: G6200N | AE67: 60 | AF67: 50 | AG67: 67.7 | AH67: =IF(AG67="","",AE67/AG67*100) -> 88.626292 | AI67: =AN67/24*F67 -> 48.1525 | AJ67: 46247 | AK67: 5665 | AM67: 99.15 | AN67: =IF(BFPD=0,0,BFPD*(1-BSW/100)) -> 48.1525 | AO67: 85000 | AP67: Last W/O 08/2016 (Isolated ALMDOL, Perforated, tested KHAR.), Started up 05/09/2016 | BJ67: =+IF(E67="SI",0,AK67*AM67/100) -> 5616.8475 | CW67: KHALDA_WELL | CX67: =REPORTDATE-1 -> 46284 | CY67: =$CV$3&B67 -> 9NRZK-15 | CZ67: =J67 -> Spool | DA67: =K67 -> 160 | DB67: =F67 -> 24 | DC67: =IF(DB67=0,"SI",E67) -> ESP | DF67: =O67 -> 195 | DG67: =AA67 -> 0 | DH67: =AB67 -> 0 | DI67: =AC67 -> 0 | DJ67: =AD67 -> 0 | DK67: =AE67 -> 60 | DN67: =AF67 -> 50 | DO67: =AI67 -> 48.1525 | DP67: =IF(H67="","",H67) | DQ67: =AN67/24*HOURS -> 48.1525 | DR67: =I67 -> 0 | DS67: =IF(OR(E67="SI",B67="",E67="T&A"),"",VLOOKUP(B67,WELL_FIELD,2)) -> NORTH | DY67: =IF(B67="","","KHALDA_WELL") -> KHALDA_WELL | DZ67: =REPORTDATE-1 -> 46284 | EA67: =B67 -> NRZK-15 | EB67: =J67 -> Spool | EC67: =K67 -> 160 | ED67: =F67 -> 24 | EE67: =IF(DB67=0,"SI",E67) -> ESP | EH67: =IF(H67="","",H67) | EI67: =AI67 -> 48.1525 | EJ67: =V67 -> G6200N | EK67: =G67 -> 0 | EN67: =AB67 -> 0 | EP67: =AC67 -> 0 | EQ67: =AE67 -> 60 | ET67: =AD67 -> 0 | EU67: =AF67 -> 50 | EW67: =W67 -> 0 | EX67: =X67 -> 0 | EY67: =Y67 -> 0 | EZ67: =Z67 -> 0 | FA67: =AP67 -> Last W/O 08/2016 (Isolated ALMDOL, Perforated, tested KHAR.), Started up 05/09/2016 | FB67: =IF(OR(E67="SI",B67="",E67="T&A"),"",VLOOKUP(B67,WELL_FIELD,2)) -> NORTH
B68: NRZK-16 | C68: KHAR | D68: ESP(DN1150) | E68: SI | F68: 0 | G68: =IF(OR(WSTATUS="T&A",DTCAUSE="PUMP OFF MODE",DTCAUSE="UNDER LOAD"),0,BOPD/24*(24-HOURS)) -> 0 | M68: 0 | P68: 45576 | U68: 7083 | V68: GN2100 | AI68: =AN68/24*F68 -> 0 | AN68: =IF(BFPD=0,0,BFPD*(1-BSW/100)) -> 0 | AP68: S/D on 31-05-2023 due to DHP Last W/O 06/2022 (Pump upgrade), | BJ68: =+IF(E68="SI",0,AK68*AM68/100) -> 0 | CW68: KHALDA_WELL | CX68: =REPORTDATE-1 -> 46284 | CY68: =$CV$3&B68 -> 9NRZK-16 | CZ68: =J68 -> 0 | DA68: =K68 -> 0 | DB68: =F68 -> 0 | DC68: =IF(DB68=0,"SI",E68) -> SI | DF68: =O68 -> 0 | DG68: =AA68 -> 0 | DH68: =AB68 -> 0 | DI68: =AC68 -> 0 | DJ68: =AD68 -> 0 | DK68: =AE68 -> 0 | DN68: =AF68 -> 0 | DO68: =AI68 -> 0 | DP68: =IF(H68="","",H68) | DQ68: =AN68/24*HOURS -> 0 | DR68: =I68 -> 0 | DS68: =IF(OR(E68="SI",B68="",E68="T&A"),"",VLOOKUP(B68,WELL_FIELD,2)) | DY68: =IF(B68="","","KHALDA_WELL") -> KHALDA_WELL | DZ68: =REPORTDATE-1 -> 46284 | EA68: =B68 -> NRZK-16 | EB68: =J68 -> 0 | EC68: =K68 -> 0 | ED68: =F68 -> 0 | EE68: =IF(DB68=0,"SI",E68) -> SI | EH68: =IF(H68="","",H68) | EI68: =AI68 -> 0 | EJ68: =V68 -> GN2100 | EK68: =G68 -> 0 | EN68: =AB68 -> 0 | EP68: =AC68 -> 0 | EQ68: =AE68 -> 0 | ET68: =AD68 -> 0 | EU68: =AF68 -> 0 | EW68: =W68 -> 0 | EX68: =X68 -> 0 | EY68: =Y68 -> 0 | EZ68: =Z68 -> 0 | FA68: =AP68 -> S/D on 31-05-2023 due to DHP Last W/O 06/2022 (Pump upgrade), | FB68: =IF(OR(E68="SI",B68="",E68="T&A"),"",VLOOKUP(B68,WELL_FIELD,2))
B69: NRZK-18ST | C69: AEB-06 | D69: ESP(S6000N) | E69: SRP | F69: 23 | G69: =IF(OR(WSTATUS="T&A",DTCAUSE="PUMP OFF MODE",DTCAUSE="UNDER LOAD"),0,BOPD/24*(24-HOURS)) -> 2.3446875 | H69: Generator (Planned) | J69: 128 | K69: 120 | L69: 120 | M69: 0 | N69: OP | O69: 101 | P69: 46230 | Q69: 8023.23 | R69: 100 | S69: 97 | U69: 8153 | V69: 1.75 | W69: 100 | X69: 59 | Y69: 92 | Z69: 80 | AA69: C-912 | AB69: 1.5 | AC69: 168 | AD69: 950 | AH69: =IF(AG69="","",AE69/AG69*100) | AI69: =AN69/24*F69 -> 53.927813 | AJ69: 46221 | AK69: 61 | AM69: 7.75 | AN69: =IF(BFPD=0,0,BFPD*(1-BSW/100)) -> 56.2725 | AO69: 101000 | AP69: Last W/O 04/2025 (Converted F/ ESP T/ SRP), Started-Up 14/04/2025. | BJ69: =+IF(E69="SI",0,AK69*AM69/100) -> 4.7275 | CW69: KHALDA_WELL | CX69: =REPORTDATE-1 -> 46284 | CY69: =$CV$3&B69 -> 9NRZK-18ST | CZ69: =J69 -> 128 | DA69: =K69 -> 120 | DB69: =F69 -> 23 | DC69: =IF(DB69=0,"SI",E69) -> SRP | DF69: =O69 -> 101 | DG69: =AA69 -> C-912 | DH69: =AB69 -> 1.5 | DI69: =AC69 -> 168 | DJ69: =AD69 -> 950 | DK69: =AE69 -> 0 | DN69: =AF69 -> 0 | DO69: =AI69 -> 53.927813 | DP69: =IF(H69="","",H69) -> Generator (Planned) | DQ69: =AN69/24*HOURS -> 53.927813 | DR69: =I69 -> 0 | DS69: =IF(OR(E69="SI",B69="",E69="T&A"),"",VLOOKUP(B69,WELL_FIELD,2)) -> NORTH | DY69: =IF(B69="","","KHALDA_WELL") -> KHALDA_WELL | DZ69: =REPORTDATE-1 -> 46284 | EA69: =B69 -> NRZK-18ST | EB69: =J69 -> 128 | EC69: =K69 -> 120 | ED69: =F69 -> 23 | EE69: =IF(DB69=0,"SI",E69) -> SRP | EH69: =IF(H69="","",H69) -> Generator (Planned) | EI69: =AI69 -> 53.927813 | EJ69: =V69 -> 1.75 | EK69: =G69 -> 2.3446875 | EN69: =AB69 -> 1.5 | EP69: =AC69 -> 168 | EQ69: =AE69 -> 0 | ET69: =AD69 -> 950 | EU69: =AF69 -> 0 | EW69: =W69 -> 100 | EX69: =X69 -> 59 | EY69: =Y69 -> 92 | EZ69: =Z69 -> 80 | FA69: =AP69 -> Last W/O 04/2025 (Converted F/ ESP T/ SRP), Started-Up 14/04/2025. | FB69: =IF(OR(E69="SI",B69="",E69="T&A"),"",VLOOKUP(B69,WELL_FIELD,2)) -> NORTH
B70: NRZK-21ST | C70: ALMDOL | E70: ESP | F70: 24 | G70: =IF(OR(WSTATUS="T&A",DTCAUSE="PUMP OFF MODE",DTCAUSE="UNDER LOAD"),0,BOPD/24*(24-HOURS)) -> 0 | I70: 0 | J70: Spool | K70: 190 | L70: 190 | N70: CL | O70: 191 | P70: 46128 | Q70: 520.95 | R70: 100 | S70: 2469 | U70: 2990 | V70: SN6000 | AE70: 55 | AF70: 50 | AG70: 67 | AH70: =IF(AG70="","",AE70/AG70*100) -> 82.089552 | AI70: =AN70/24*F70 -> 29.02 | AJ70: 46241 | AK70: 5804 | AM70: 99.5 | AN70: =IF(BFPD=0,0,BFPD*(1-BSW/100)) -> 29.02 | AO70: 85000 | AP70: On 5-8-2022, Start up after W/O (R/C T/ALM-DOL). | BJ70: =+IF(E70="SI",0,AK70*AM70/100) -> 5774.98 | CW70: KHALDA_WELL | CX70: =REPORTDATE-1 -> 46284 | CY70: =$CV$3&B70 -> 9NRZK-21ST | CZ70: =J70 -> Spool | DA70: =K70 -> 190 | DB70: =F70 -> 24 | DC70: =IF(DB70=0,"SI",E70) -> ESP | DF70: =O70 -> 191 | DG70: =AA70 -> 0 | DH70: =AB70 -> 0 | DI70: =AC70 -> 0 | DJ70: =AD70 -> 0 | DK70: =AE70 -> 55 | DN70: =AF70 -> 50 | DO70: =AI70 -> 29.02 | DP70: =IF(H70="","",H70) | DQ70: =AN70/24*HOURS -> 29.02 | DR70: =I70 -> 0 | DS70: =IF(OR(E70="SI",B70="",E70="T&A"),"",VLOOKUP(B70,WELL_FIELD,2)) -> NORTH | DY70: =IF(B70="","","KHALDA_WELL") -> KHALDA_WELL | DZ70: =REPORTDATE-1 -> 46284 | EA70: =B70 -> NRZK-21ST | EB70: =J70 -> Spool | EC70: =K70 -> 190 | ED70: =F70 -> 24 | EE70: =IF(DB70=0,"SI",E70) -> ESP | EH70: =IF(H70="","",H70) | EI70: =AI70 -> 29.02 | EJ70: =V70 -> SN6000 | EK70: =G70 -> 0 | EN70: =AB70 -> 0 | EP70: =AC70 -> 0 | EQ70: =AE70 -> 55 | ET70: =AD70 -> 0 | EU70: =AF70 -> 50 | EW70: =W70 -> 0 | EX70: =X70 -> 0 | EY70: =Y70 -> 0 | EZ70: =Z70 -> 0 | FA70: =AP70 -> On 5-8-2022, Start up after W/O (R/C T/ALM-DOL). | FB70: =IF(OR(E70="SI",B70="",E70="T&A"),"",VLOOKUP(B70,WELL_FIELD,2)) -> NORTH
B71: NRZK-23 | C71: KHAR | D71: ESP(S6000N) | E71: SI | F71: 0 | G71: =IF(OR(WSTATUS="T&A",DTCAUSE="PUMP OFF MODE",DTCAUSE="UNDER LOAD"),0,BOPD/24*(24-HOURS)) -> 0 | M71: 0 | P71: 45557 | R71: 100 | S71: 741 | T71: 5746 | AH71: =IF(AG71="","",AE71/AG71*100) | AI71: =AN71/24*F71 -> 0 | AN71: =IF(BFPD=0,0,BFPD*(1-BSW/100)) -> 0 | AP71: S/I 29/05/2019 (TA) | BJ71: =+IF(E71="SI",0,AK71*AM71/100) -> 0 | CW71: KHALDA_WELL | CX71: =REPORTDATE-1 -> 46284 | CY71: =$CV$3&B71 -> 9NRZK-23 | CZ71: =J71 -> 0 | DA71: =K71 -> 0 | DB71: =F71 -> 0 | DC71: =IF(DB71=0,"SI",E71) -> SI | DF71: =O71 -> 0 | DG71: =AA71 -> 0 | DH71: =AB71 -> 0 | DI71: =AC71 -> 0 | DJ71: =AD71 -> 0 | DK71: =AE71 -> 0 | DN71: =AF71 -> 0 | DO71: =AI71 -> 0 | DP71: =IF(H71="","",H71) | DQ71: =AN71/24*HOURS -> 0 | DR71: =I71 -> 0 | DS71: =IF(OR(E71="SI",B71="",E71="T&A"),"",VLOOKUP(B71,WELL_FIELD,2)) | DY71: =IF(B71="","","KHALDA_WELL") -> KHALDA_WELL | DZ71: =REPORTDATE-1 -> 46284 | EA71: =B71 -> NRZK-23 | EB71: =J71 -> 0 | EC71: =K71 -> 0 | ED71: =F71 -> 0 | EE71: =IF(DB71=0,"SI",E71) -> SI | EH71: =IF(H71="","",H71) | EI71: =AI71 -> 0 | EJ71: =V71 -> 0 | EK71: =G71 -> 0 | EN71: =AB71 -> 0 | EP71: =AC71 -> 0 | EQ71: =AE71 -> 0 | ET71: =AD71 -> 0 | EU71: =AF71 -> 0 | EW71: =W71 -> 0 | EX71: =X71 -> 0 | EY71: =Y71 -> 0 | EZ71: =Z71 -> 0 | FA71: =AP71 -> S/I 29/05/2019 (TA) | FB71: =IF(OR(E71="SI",B71="",E71="T&A"),"",VLOOKUP(B71,WELL_FIELD,2))
B72: NRZK-25 | C72: AEB-1 | E72: SI | F72: 0 | G72: =IF(OR(WSTATUS="T&A",DTCAUSE="PUMP OFF MODE",DTCAUSE="UNDER LOAD"),0,BOPD/24*(24-HOURS)) -> 0 | M72: 70 | P72: 43547 | S72: PKR | U72: 8169 | V72: 1.75 | AA72: C-912 | AH72: =IF(AG72="","",AE72/AG72*100) | AI72: =AN72/24*F72 -> 0 | AN72: =IF(BFPD=0,0,BFPD*(1-BSW/100)) -> 0 | AP72: S/D on 28-09-2021 due to uneconomic oil production Last W/O 11/2018 (R/C) | BJ72: =+IF(E72="SI",0,AK72*AM72/100) -> 0 | CW72: KHALDA_WELL | CX72: =REPORTDATE-1 -> 46284 | CY72: =$CV$3&B72 -> 9NRZK-25 | CZ72: =J72 -> 0 | DA72: =K72 -> 0 | DB72: =F72 -> 0 | DC72: =IF(DB72=0,"SI",E72) -> SI | DF72: =O72 -> 0 | DG72: =AA72 -> C-912 | DH72: =AB72 -> 0 | DI72: =AC72 -> 0 | DJ72: =AD72 -> 0 | DK72: =AE72 -> 0 | DN72: =AF72 -> 0 | DO72: =AI72 -> 0 | DP72: =IF(H72="","",H72) | DQ72: =AN72/24*HOURS -> 0 | DR72: =I72 -> 0 | DS72: =IF(OR(E72="SI",B72="",E72="T&A"),"",VLOOKUP(B72,WELL_FIELD,2)) | DY72: =IF(B72="","","KHALDA_WELL") -> KHALDA_WELL | DZ72: =REPORTDATE-1 -> 46284 | EA72: =B72 -> NRZK-25 | EB72: =J72 -> 0 | EC72: =K72 -> 0 | ED72: =F72 -> 0 | EE72: =IF(DB72=0,"SI",E72) -> SI | EH72: =IF(H72="","",H72) | EI72: =AI72 -> 0 | EJ72: =V72 -> 1.75 | EK72: =G72 -> 0 | EN72: =AB72 -> 0 | EP72: =AC72 -> 0 | EQ72: =AE72 -> 0 | ET72: =AD72 -> 0 | EU72: =AF72 -> 0 | EW72: =W72 -> 0 | EX72: =X72 -> 0 | EY72: =Y72 -> 0 | EZ72: =Z72 -> 0 | FA72: =AP72 -> S/D on 28-09-2021 due to uneconomic oil production Last W/O 11/2018 (R/C) | FB72: =IF(OR(E72="SI",B72="",E72="T&A"),"",VLOOKUP(B72,WELL_FIELD,2))
B73: NRZK-26 | C73: ALMDOL | E73: ESP | F73: 24 | G73: =IF(OR(WSTATUS="T&A",DTCAUSE="PUMP OFF MODE",DTCAUSE="UNDER LOAD"),0,BOPD/24*(24-HOURS)) -> 0 | J73: 52 | K73: 700 | L73: 140 | M73: 40 | N73: CL | O73: 196 | P73: 46128 | Q73: 237.47 | R73: 100 | S73: 3740 | U73: 3977 | V73: SN6000 | AE73: 76 | AF73: 50 | AG73: 88.1 | AH73: =IF(AG73="","",AE73/AG73*100) -> 86.265607 | AI73: =AN73/24*F73 -> 52.4797 | AJ73: 46224 | AK73: 5767 | AM73: 99.09 | AN73: =IF(BFPD=0,0,BFPD*(1-BSW/100)) -> 52.4797 | AO73: 88000 | AP73: Last W/O 06/2019 (R/C), Started up 10/06/2019, bean down P.CH T/ 52 "estimated" on 30/09/2019 to keep in ROR | BJ73: =+IF(E73="SI",0,AK73*AM73/100) -> 5714.5203 | CW73: KHALDA_WELL | CX73: =REPORTDATE-1 -> 46284 | CY73: =$CV$3&B73 -> 9NRZK-26 | CZ73: =J73 -> 52 | DA73: =K73 -> 700 | DB73: =F73 -> 24 | DC73: =IF(DB73=0,"SI",E73) -> ESP | DF73: =O73 -> 196 | DG73: =AA73 -> 0 | DH73: =AB73 -> 0 | DI73: =AC73 -> 0 | DJ73: =AD73 -> 0 | DK73: =AE73 -> 76 | DN73: =AF73 -> 50 | DO73: =AI73 -> 52.4797 | DP73: =IF(H73="","",H73) | DQ73: =AN73/24*HOURS -> 52.4797 | DR73: =I73 -> 0 | DS73: =IF(OR(E73="SI",B73="",E73="T&A"),"",VLOOKUP(B73,WELL_FIELD,2)) -> NORTH | DY73: =IF(B73="","","KHALDA_WELL") -> KHALDA_WELL | DZ73: =REPORTDATE-1 -> 46284 | EA73: =B73 -> NRZK-26 | EB73: =J73 -> 52 | EC73: =K73 -> 700 | ED73: =F73 -> 24 | EE73: =IF(DB73=0,"SI",E73) -> ESP | EH73: =IF(H73="","",H73) | EI73: =AI73 -> 52.4797 | EJ73: =V73 -> SN6000 | EK73: =G73 -> 0 | EN73: =AB73 -> 0 | EP73: =AC73 -> 0 | EQ73: =AE73 -> 76 | ET73: =AD73 -> 0 | EU73: =AF73 -> 50 | EW73: =W73 -> 0 | EX73: =X73 -> 0 | EY73: =Y73 -> 0 | EZ73: =Z73 -> 0 | FA73: =AP73 -> Last W/O 06/2019 (R/C), Started up 10/06/2019, bean down P.CH T/ 52 "estimated" on 30/09/2019 to keep in ROR | FB73: =IF(OR(E73="SI",B73="",E73="T&A"),"",VLOOKUP(B73,WELL_FIELD,2)) -> NORTH
B74: NRZK-28 | C74: ALMDOL | E74: ESP | F74: 24 | G74: =IF(OR(WSTATUS="T&A",DTCAUSE="PUMP OFF MODE",DTCAUSE="UNDER LOAD"),0,BOPD/24*(24-HOURS)) -> 0 | I74: 0 | J74: Spool | K74: 140 | L74: 100 | M74: 0 | N74: OP | O74: 195 | P74: 45928 | Q74: 3958 | R74: 100 | S74: 1022 | U74: 4980 | V74: SN6000 | AE74: 66 | AF74: 50 | AG74: 88 | AH74: =IF(AG74="","",AE74/AG74*100) -> 75 | AI74: =AN74/24*F74 -> 46.0484 | AJ74: 46224 | AK74: 3154 | AM74: 98.54 | AN74: =IF(BFPD=0,0,BFPD*(1-BSW/100)) -> 46.0484 | AO74: 91000 | AP74: Last W/O Feb-2020 ,Started up the well on 14-2-2020 | BJ74: =+IF(E74="SI",0,AK74*AM74/100) -> 3107.9516 | CW74: KHALDA_WELL | CX74: =REPORTDATE-1 -> 46284 | CY74: =$CV$3&B74 -> 9NRZK-28 | CZ74: =J74 -> Spool | DA74: =K74 -> 140 | DB74: =F74 -> 24 | DC74: =IF(DB74=0,"SI",E74) -> ESP | DF74: =O74 -> 195 | DG74: =AA74 -> 0 | DH74: =AB74 -> 0 | DI74: =AC74 -> 0 | DJ74: =AD74 -> 0 | DK74: =AE74 -> 66 | DN74: =AF74 -> 50 | DO74: =AI74 -> 46.0484 | DP74: =IF(H74="","",H74) | DQ74: =AN74/24*HOURS -> 46.0484 | DR74: =I74 -> 0 | DS74: =IF(OR(E74="SI",B74="",E74="T&A"),"",VLOOKUP(B74,WELL_FIELD,2)) -> NORTH | DY74: =IF(B74="","","KHALDA_WELL") -> KHALDA_WELL | DZ74: =REPORTDATE-1 -> 46284 | EA74: =B74 -> NRZK-28 | EB74: =J74 -> Spool | EC74: =K74 -> 140 | ED74: =F74 -> 24 | EE74: =IF(DB74=0,"SI",E74) -> ESP | EH74: =IF(H74="","",H74) | EI74: =AI74 -> 46.0484 | EJ74: =V74 -> SN6000 | EK74: =G74 -> 0 | EN74: =AB74 -> 0 | EP74: =AC74 -> 0 | EQ74: =AE74 -> 66 | ET74: =AD74 -> 0 | EU74: =AF74 -> 50 | EW74: =W74 -> 0 | EX74: =X74 -> 0 | EY74: =Y74 -> 0 | EZ74: =Z74 -> 0 | FA74: =AP74 -> Last W/O Feb-2020 ,Started up the well on 14-2-2020 | FB74: =IF(OR(E74="SI",B74="",E74="T&A"),"",VLOOKUP(B74,WELL_FIELD,2)) -> NORTH
B75: NRZK-29ST1 | C75: MASSAJID&AEB U06 | E75: SI | F75: 0 | G75: =IF(OR(WSTATUS="T&A",DTCAUSE="PUMP OFF MODE",DTCAUSE="UNDER LOAD"),0,BOPD/24*(24-HOURS)) -> 0 | M75: 110 | N75: CL | P75: 46108 | R75: 100 | S75: 9952 | T75: 762 | U75: 10714 | V75: DN1150 | AI75: =AN75/24*F75 -> 0 | AN75: =IF(BFPD=0,0,BFPD*(1-BSW/100)) -> 0 | AP75: SI 27-9-2021 Expected pump intake plugging On 16-01-2025, bled off CSG pressure through MTU to oil truck Last W/O 12/2019 (P/R), Intermittent well | BJ75: =+IF(E75="SI",0,AK75*AM75/100) -> 0 | CW75: KHALDA_WELL | CX75: =REPORTDATE-1 -> 46284 | CY75: =$CV$3&B75 -> 9NRZK-29ST1 | CZ75: =J75 -> 0 | DA75: =K75 -> 0 | DB75: =F75 -> 0 | DC75: =IF(DB75=0,"SI",E75) -> SI | DF75: =O75 -> 0 | DG75: =AA75 -> 0 | DH75: =AB75 -> 0 | DI75: =AC75 -> 0 | DJ75: =AD75 -> 0 | DK75: =AE75 -> 0 | DN75: =AF75 -> 0 | DO75: =AI75 -> 0 | DP75: =IF(H75="","",H75) | DQ75: =AN75/24*HOURS -> 0 | DR75: =I75 -> 0 | DS75: =IF(OR(E75="SI",B75="",E75="T&A"),"",VLOOKUP(B75,WELL_FIELD,2)) | DY75: =IF(B75="","","KHALDA_WELL") -> KHALDA_WELL | DZ75: =REPORTDATE-1 -> 46284 | EA75: =B75 -> NRZK-29ST1 | EB75: =J75 -> 0 | EC75: =K75 -> 0 | ED75: =F75 -> 0 | EE75: =IF(DB75=0,"SI",E75) -> SI | EH75: =IF(H75="","",H75) | EI75: =AI75 -> 0 | EJ75: =V75 -> DN1150 | EK75: =G75 -> 0 | EN75: =AB75 -> 0 | EP75: =AC75 -> 0 | EQ75: =AE75 -> 0 | ET75: =AD75 -> 0 | EU75: =AF75 -> 0 | EW75: =W75 -> 0 | EX75: =X75 -> 0 | EY75: =Y75 -> 0 | EZ75: =Z75 -> 0 | FA75: =AP75 -> SI 27-9-2021 Expected pump intake plugging On 16-01-2025, bled off CSG pressure through MTU to oil truck Last W/O 12/2019 (P/R), Intermittent well | FB75: =IF(OR(E75="SI",B75="",E75="T&A"),"",VLOOKUP(B75,WELL_FIELD,2))
B76: NRZK-31 | C76: MAS | E76: SI | F76: 0 | G76: =IF(OR(WSTATUS="T&A",DTCAUSE="PUMP OFF MODE",DTCAUSE="UNDER LOAD"),0,BOPD/24*(24-HOURS)) -> 0 | P76: 45559 | R76: 100 | S76: 9748 | T76: 1217 | U76: 10965 | V76: 400-1050 | AI76: =AN76/24*F76 -> 0 | AN76: =IF(BFPD=0,0,BFPD*(1-BSW/100)) -> 0 | AP76: S/D on 11-06-2022 due to DH problem | BJ76: =+IF(E76="SI",0,AK76*AM76/100) -> 0 | CW76: KHALDA_WELL | CX76: =REPORTDATE-1 -> 46284 | CY76: =$CV$3&B76 -> 9NRZK-31 | CZ76: =J76 -> 0 | DA76: =K76 -> 0 | DB76: =F76 -> 0 | DC76: =IF(DB76=0,"SI",E76) -> SI | DF76: =O76 -> 0 | DG76: =AA76 -> 0 | DH76: =AB76 -> 0 | DI76: =AC76 -> 0 | DJ76: =AD76 -> 0 | DK76: =AE76 -> 0 | DN76: =AF76 -> 0 | DO76: =AI76 -> 0 | DP76: =IF(H76="","",H76) | DQ76: =AN76/24*HOURS -> 0 | DR76: =I76 -> 0 | DS76: =IF(OR(E76="SI",B76="",E76="T&A"),"",VLOOKUP(B76,WELL_FIELD,2)) | DY76: =IF(B76="","","KHALDA_WELL") -> KHALDA_WELL | DZ76: =REPORTDATE-1 -> 46284 | EA76: =B76 -> NRZK-31 | EB76: =J76 -> 0 | EC76: =K76 -> 0 | ED76: =F76 -> 0 | EE76: =IF(DB76=0,"SI",E76) -> SI | EH76: =IF(H76="","",H76) | EI76: =AI76 -> 0 | EJ76: =V76 -> 400-1050 | EK76: =G76 -> 0 | EN76: =AB76 -> 0 | EP76: =AC76 -> 0 | EQ76: =AE76 -> 0 | ET76: =AD76 -> 0 | EU76: =AF76 -> 0 | EW76: =W76 -> 0 | EX76: =X76 -> 0 | EY76: =Y76 -> 0 | EZ76: =Z76 -> 0 | FA76: =AP76 -> S/D on 11-06-2022 due to DH problem | FB76: =IF(OR(E76="SI",B76="",E76="T&A"),"",VLOOKUP(B76,WELL_FIELD,2))
B77: NRZK-36 | E77: SI | F77: 0 | G77: =IF(OR(WSTATUS="T&A",DTCAUSE="PUMP OFF MODE",DTCAUSE="UNDER LOAD"),0,BOPD/24*(24-HOURS)) -> 0 | M77: 0 | AI77: =AN77/24*F77 -> 0 | AN77: =IF(BFPD=0,0,BFPD*(1-BSW/100)) -> 0 | BJ77: =+IF(E77="SI",0,AK77*AM77/100) -> 0 | CW77: KHALDA_WELL | CX77: =REPORTDATE-1 -> 46284 | CY77: =$CV$3&B77 -> 9NRZK-36 | CZ77: =J77 -> 0 | DA77: =K77 -> 0 | DB77: =F77 -> 0 | DC77: =IF(DB77=0,"SI",E77) -> SI | DF77: =O77 -> 0 | DG77: =AA77 -> 0 | DH77: =AB77 -> 0 | DI77: =AC77 -> 0 | DJ77: =AD77 -> 0 | DK77: =AE77 -> 0 | DN77: =AF77 -> 0 | DO77: =AI77 -> 0 | DP77: =IF(H77="","",H77) | DQ77: =AN77/24*HOURS -> 0 | DR77: =I77 -> 0 | DS77: =IF(OR(E77="SI",B77="",E77="T&A"),"",VLOOKUP(B77,WELL_FIELD,2)) | DY77: =IF(B77="","","KHALDA_WELL") -> KHALDA_WELL | DZ77: =REPORTDATE-1 -> 46284 | EA77: =B77 -> NRZK-36 | EB77: =J77 -> 0 | EC77: =K77 -> 0 | ED77: =F77 -> 0 | EE77: =IF(DB77=0,"SI",E77) -> SI | EH77: =IF(H77="","",H77) | EI77: =AI77 -> 0 | EJ77: =V77 -> 0 | EK77: =G77 -> 0 | EN77: =AB77 -> 0 | EP77: =AC77 -> 0 | EQ77: =AE77 -> 0 | ET77: =AD77 -> 0 | EU77: =AF77 -> 0 | EW77: =W77 -> 0 | EX77: =X77 -> 0 | EY77: =Y77 -> 0 | EZ77: =Z77 -> 0 | FA77: =AP77 -> 0 | FB77: =IF(OR(E77="SI",B77="",E77="T&A"),"",VLOOKUP(B77,WELL_FIELD,2))
B78: WRZK-27 | C78: ARG | D78: SRP | E78: ESP | F78: 24 | G78: =IF(OR(WSTATUS="T&A",DTCAUSE="PUMP OFF MODE",DTCAUSE="UNDER LOAD"),0,BOPD/24*(24-HOURS)) -> 0 | J78: 128 | K78: 120 | L78: 110 | M78: 0 | N78: OP | O78: 144 | P78: 46196 | Q78: 4863 | R78: 99 | S78: 753 | U78: 5655 | V78: 400-1050 | AE78: 22 | AF78: 50 | AG78: 30 | AH78: =IF(AG78="","",AE78/AG78*100) -> 73.333333 | AI78: =AN78/24*F78 -> 36.771 | AJ78: 46195 | AK78: 721 | AM78: 94.9 | AN78: =IF(BFPD=0,0,BFPD*(1-BSW/100)) -> 36.771 | AO78: 52000 | AP78: Last W/O Jul-2024 , Replaced ESP pump Started up the well 18/07/2024 | BJ78: =+IF(E78="SI",0,AK78*AM78/100) -> 684.229 | CW78: KHALDA_WELL | CX78: =REPORTDATE-1 -> 46284 | CY78: =$CV$3&B78 -> 9WRZK-27 | CZ78: =J78 -> 128 | DA78: =K78 -> 120 | DB78: =F78 -> 24 | DC78: =IF(DB78=0,"SI",E78) -> ESP | DF78: =O78 -> 144 | DG78: =AA78 -> 0 | DH78: =AB78 -> 0 | DI78: =AC78 -> 0 | DJ78: =AD78 -> 0 | DK78: =AE78 -> 22 | DN78: =AF78 -> 50 | DO78: =AI78 -> 36.771 | DP78: =IF(H78="","",H78) | DQ78: =AN78/24*HOURS -> 36.771 | DR78: =I78 -> 0 | DS78: =IF(OR(E78="SI",B78="",E78="T&A"),"",VLOOKUP(B78,WELL_FIELD,2)) -> WEST | DY78: =IF(B78="","","KHALDA_WELL") -> KHALDA_WELL | DZ78: =REPORTDATE-1 -> 46284 | EA78: =B78 -> WRZK-27 | EB78: =J78 -> 128 | EC78: =K78 -> 120 | ED78: =F78 -> 24 | EE78: =IF(DB78=0,"SI",E78) -> ESP | EH78: =IF(H78="","",H78) | EI78: =AI78 -> 36.771 | EJ78: =V78 -> 400-1050 | EK78: =G78 -> 0 | EN78: =AB78 -> 0 | EP78: =AC78 -> 0 | EQ78: =AE78 -> 22 | ET78: =AD78 -> 0 | EU78: =AF78 -> 50 | EW78: =W78 -> 0 | EX78: =X78 -> 0 | EY78: =Y78 -> 0 | EZ78: =Z78 -> 0 | FA78: =AP78 -> Last W/O Jul-2024 , Replaced ESP pump Started up the well 18/07/2024 | FB78: =IF(OR(E78="SI",B78="",E78="T&A"),"",VLOOKUP(B78,WELL_FIELD,2)) -> WEST
B79: WRZK-32 | C79: ARG | D79: ESP(DN1100) | E79: ESP | F79: 24 | G79: =IF(OR(WSTATUS="T&A",DTCAUSE="PUMP OFF MODE",DTCAUSE="UNDER LOAD"),0,BOPD/24*(24-HOURS)) -> 0 | J79: Spool | K79: 160 | L79: 160 | M79: 0 | N79: OP | O79: 158 | P79: 46252 | Q79: 4122.68 | R79: 100 | S79: 1333 | U79: 5456 | V79: B538-1500 | AE79: 39 | AF79: 50 | AG79: 51 | AH79: =IF(AG79="","",AE79/AG79*100) -> 76.470588 | AI79: =AN79/24*F79 -> 37.7 | AJ79: 46247 | AK79: 1300 | AM79: 97.1 | AN79: =IF(BFPD=0,0,BFPD*(1-BSW/100)) -> 37.7 | AO79: 60000 | AP79: Last W/O June-2023 (R/C,isolate BAH, perf./acid/test ARG-DOL & compl. w/ B538-1500) Started up the well 30/06/2023 | BJ79: =+IF(E79="SI",0,AK79*AM79/100) -> 1262.3 | CW79: KHALDA_WELL | CX79: =REPORTDATE-1 -> 46284 | CY79: =$CV$3&B79 -> 9WRZK-32 | CZ79: =J79 -> Spool | DA79: =K79 -> 160 | DB79: =F79 -> 24 | DC79: =IF(DB79=0,"SI",E79) -> ESP | DF79: =O79 -> 158 | DG79: =AA79 -> 0 | DH79: =AB79 -> 0 | DI79: =AC79 -> 0 | DJ79: =AD79 -> 0 | DK79: =AE79 -> 39 | DN79: =AF79 -> 50 | DO79: =AI79 -> 37.7 | DP79: =IF(H79="","",H79) | DQ79: =AN79/24*HOURS -> 37.7 | DR79: =I79 -> 0 | DS79: =IF(OR(E79="SI",B79="",E79="T&A"),"",VLOOKUP(B79,WELL_FIELD,2)) -> WEST | DY79: =IF(B79="","","KHALDA_WELL") -> KHALDA_WELL | DZ79: =REPORTDATE-1 -> 46284 | EA79: =B79 -> WRZK-32 | EB79: =J79 -> Spool | EC79: =K79 -> 160 | ED79: =F79 -> 24 | EE79: =IF(DB79=0,"SI",E79) -> ESP | EH79: =IF(H79="","",H79) | EI79: =AI79 -> 37.7 | EJ79: =V79 -> B538-1500 | EK79: =G79 -> 0 | EN79: =AB79 -> 0 | EP79: =AC79 -> 0 | EQ79: =AE79 -> 39 | ET79: =AD79 -> 0 | EU79: =AF79 -> 50 | EW79: =W79 -> 0 | EX79: =X79 -> 0 | EY79: =Y79 -> 0 | EZ79: =Z79 -> 0 | FA79: =AP79 -> Last W/O June-2023 (R/C,isolate BAH, perf./acid/test ARG-DOL & compl. w/ B538-1500) Started up the well 30/06/2023 | FB79: =IF(OR(E79="SI",B79="",E79="T&A"),"",VLOOKUP(B79,WELL_FIELD,2)) -> WEST
B80: WRZK-39ST1 | C80: UBAH | D80: ESP(GN1600) | E80: SRP | F80: 24 | G80: =IF(OR(WSTATUS="T&A",DTCAUSE="PUMP OFF MODE",DTCAUSE="UNDER LOAD"),0,BOPD/24*(24-HOURS)) -> 0 | J80: Spool | K80: 130 | L80: 110 | M80: 0 | N80: OP | O80: 109 | P80: 46213 | Q80: 4956 | R80: 100 | S80: 809 | U80: 5795 | V80: 1.75 | W80: 100 | X80: 180 | Y80: 100 | Z80: 80 | AA80: C-640 | AB80: 5.33 | AC80: 145 | AD80: 950 | AH80: =IF(AG80="","",AE80/AG80*100) | AI80: =AN80/24*F80 -> 21.948 | AJ80: 46161 | AK80: 177 | AM80: 87.6 | AN80: =IF(BFPD=0,0,BFPD*(1-BSW/100)) -> 21.948 | AO80: 49000 | AP80: Last W/O FEB-2025 (REPLACE ESP W/ SRP).Started Up the well on 11-02-2025. | BJ80: =+IF(E80="SI",0,AK80*AM80/100) -> 155.052 | CW80: KHALDA_WELL | CX80: =REPORTDATE-1 -> 46284 | CY80: =$CV$3&B80 -> 9WRZK-39ST1 | CZ80: =J80 -> Spool | DA80: =K80 -> 130 | DB80: =F80 -> 24 | DC80: =IF(DB80=0,"SI",E80) -> SRP | DF80: =O80 -> 109 | DG80: =AA80 -> C-640 | DH80: =AB80 -> 5.33 | DI80: =AC80 -> 145 | DJ80: =AD80 -> 950 | DK80: =AE80 -> 0 | DN80: =AF80 -> 0 | DO80: =AI80 -> 21.948 | DP80: =IF(H80="","",H80) | DQ80: =AN80/24*HOURS -> 21.948 | DR80: =I80 -> 0 | DS80: =IF(OR(E80="SI",B80="",E80="T&A"),"",VLOOKUP(B80,WELL_FIELD,2)) -> WEST | DY80: =IF(B80="","","KHALDA_WELL") -> KHALDA_WELL | DZ80: =REPORTDATE-1 -> 46284 | EA80: =B80 -> WRZK-39ST1 | EB80: =J80 -> Spool | EC80: =K80 -> 130 | ED80: =F80 -> 24 | EE80: =IF(DB80=0,"SI",E80) -> SRP | EH80: =IF(H80="","",H80) | EI80: =AI80 -> 21.948 | EJ80: =V80 -> 1.75 | EK80: =G80 -> 0 | EN80: =AB80 -> 5.33 | EP80: =AC80 -> 145 | EQ80: =AE80 -> 0 | ET80: =AD80 -> 950 | EU80: =AF80 -> 0 | EW80: =W80 -> 100 | EX80: =X80 -> 180 | EY80: =Y80 -> 100 | EZ80: =Z80 -> 80 | FA80: =AP80 -> Last W/O FEB-2025 (REPLACE ESP W/ SRP).Started Up the well on 11-02-2025. | FB80: =IF(OR(E80="SI",B80="",E80="T&A"),"",VLOOKUP(B80,WELL_FIELD,2)) -> WEST
B81: WRZK-40 | C81: ARG | D81: ESP(SN6000) | E81: ESP | F81: 24 | G81: =IF(OR(WSTATUS="T&A",DTCAUSE="PUMP OFF MODE",DTCAUSE="UNDER LOAD"),0,BOPD/24*(24-HOURS)) -> 0 | I81: 0 | J81: 128 | K81: 140 | L81: 130 | M81: 0 | N81: OP | O81: 149 | P81: 46268 | Q81: 4733.64 | R81: 92 | S81: 638 | U81: 5462 | V81: FLEX-10 | AE81: 26 | AF81: 57 | AG81: 38 | AH81: =IF(AG81="","",AE81/AG81*100) -> 68.421053 | AI81: =AN81/24*F81 -> 91.63 | AJ81: 46273 | AK81: 833 | AM81: 89 | AN81: =IF(BFPD=0,0,BFPD*(1-BSW/100)) -> 91.63 | AO81: 61000 | AP81: Last W/O July-2024 (Tbg & PR) Started up the well on 15/7/2024 | BJ81: =+IF(E81="SI",0,AK81*AM81/100) -> 741.37 | CW81: KHALDA_WELL | CX81: =REPORTDATE-1 -> 46284 | CY81: =$CV$3&B81 -> 9WRZK-40 | CZ81: =J81 -> 128 | DA81: =K81 -> 140 | DB81: =F81 -> 24 | DC81: =IF(DB81=0,"SI",E81) -> ESP | DF81: =O81 -> 149 | DG81: =AA81 -> 0 | DH81: =AB81 -> 0 | DI81: =AC81 -> 0 | DJ81: =AD81 -> 0 | DK81: =AE81 -> 26 | DN81: =AF81 -> 57 | DO81: =AI81 -> 91.63 | DP81: =IF(H81="","",H81) | DQ81: =AN81/24*HOURS -> 91.63 | DR81: =I81 -> 0 | DS81: =IF(OR(E81="SI",B81="",E81="T&A"),"",VLOOKUP(B81,WELL_FIELD,2)) -> WEST | DY81: =IF(B81="","","KHALDA_WELL") -> KHALDA_WELL | DZ81: =REPORTDATE-1 -> 46284 | EA81: =B81 -> WRZK-40 | EB81: =J81 -> 128 | EC81: =K81 -> 140 | ED81: =F81 -> 24 | EE81: =IF(DB81=0,"SI",E81) -> ESP | EH81: =IF(H81="","",H81) | EI81: =AI81 -> 91.63 | EJ81: =V81 -> FLEX-10 | EK81: =G81 -> 0 | EN81: =AB81 -> 0 | EP81: =AC81 -> 0 | EQ81: =AE81 -> 26 | ET81: =AD81 -> 0 | EU81: =AF81 -> 57 | EW81: =W81 -> 0 | EX81: =X81 -> 0 | EY81: =Y81 -> 0 | EZ81: =Z81 -> 0 | FA81: =AP81 -> Last W/O July-2024 (Tbg & PR) Started up the well on 15/7/2024 | FB81: =IF(OR(E81="SI",B81="",E81="T&A"),"",VLOOKUP(B81,WELL_FIELD,2)) -> WEST
B82: WRZK-41 | C82: L/UBAH | D82: ESP(DN1150) | E82: SRP | F82: 22 | G82: =IF(OR(WSTATUS="T&A",DTCAUSE="PUMP OFF MODE",DTCAUSE="UNDER LOAD"),0,BOPD/24*(24-HOURS)) -> 5.7233333 | H82: Generator (Planned) | J82: Spool | K82: 180 | L82: 160 | M82: 0 | N82: OP | O82: 96 | P82: 46213 | Q82: 5467 | R82: 95 | S82: 162 | U82: 5669 | V82: 1.5 | W82: 100 | X82: 111 | Y82: 100 | Z82: 80 | AA82: C-640 | AB82: 5.37 | AC82: 144 | AD82: 950 | AH82: =IF(AG82="","",AE82/AG82*100) | AI82: =AN82/24*F82 -> 62.956667 | AJ82: 46257 | AK82: 136 | AM82: 49.5 | AN82: =IF(BFPD=0,0,BFPD*(1-BSW/100)) -> 68.68 | AO82: 48000 | AP82: Last W/O MAR-2021 (SRPR) Started up the well 15-3-2021 | BJ82: =+IF(E82="SI",0,AK82*AM82/100) -> 67.32 | CW82: KHALDA_WELL | CX82: =REPORTDATE-1 -> 46284 | CY82: =$CV$3&B82 -> 9WRZK-41 | CZ82: =J82 -> Spool | DA82: =K82 -> 180 | DB82: =F82 -> 22 | DC82: =IF(DB82=0,"SI",E82) -> SRP | DF82: =O82 -> 96 | DG82: =AA82 -> C-640 | DH82: =AB82 -> 5.37 | DI82: =AC82 -> 144 | DJ82: =AD82 -> 950 | DK82: =AE82 -> 0 | DN82: =AF82 -> 0 | DO82: =AI82 -> 62.956667 | DP82: =IF(H82="","",H82) -> Generator (Planned) | DQ82: =AN82/24*HOURS -> 62.956667 | DR82: =I82 -> 0 | DS82: =IF(OR(E82="SI",B82="",E82="T&A"),"",VLOOKUP(B82,WELL_FIELD,2)) -> WEST | DY82: =IF(B82="","","KHALDA_WELL") -> KHALDA_WELL | DZ82: =REPORTDATE-1 -> 46284 | EA82: =B82 -> WRZK-41 | EB82: =J82 -> Spool | EC82: =K82 -> 180 | ED82: =F82 -> 22 | EE82: =IF(DB82=0,"SI",E82) -> SRP | EH82: =IF(H82="","",H82) -> Generator (Planned) | EI82: =AI82 -> 62.956667 | EJ82: =V82 -> 1.5 | EK82: =G82 -> 5.7233333 | EN82: =AB82 -> 5.37 | EP82: =AC82 -> 144 | EQ82: =AE82 -> 0 | ET82: =AD82 -> 950 | EU82: =AF82 -> 0 | EW82: =W82 -> 100 | EX82: =X82 -> 111 | EY82: =Y82 -> 100 | EZ82: =Z82 -> 80 | FA82: =AP82 -> Last W/O MAR-2021 (SRPR) Started up the well 15-3-2021 | FB82: =IF(OR(E82="SI",B82="",E82="T&A"),"",VLOOKUP(B82,WELL_FIELD,2)) -> WEST
B83: WRZK-42 | C83: BAH | D83: ESP(GN3200) | E83: ESP | F83: 24 | G83: =IF(OR(WSTATUS="T&A",DTCAUSE="PUMP OFF MODE",DTCAUSE="UNDER LOAD"),0,BOPD/24*(24-HOURS)) -> 0 | I83: 0 | J83: Open | K83: 150 | L83: 150 | M83: 0 | N83: OP | O83: 150 | P83: 46210 | Q83: 3860 | R83: 100 | S83: 1481 | U83: 5493 | V83: WE1500 | AE83: 29 | AF83: 50 | AG83: 37 | AH83: =IF(AG83="","",AE83/AG83*100) -> 78.378378 | AI83: =AN83/24*F83 -> 51.012 | AJ83: 46195 | AK83: 981 | AM83: 94.8 | AN83: =IF(BFPD=0,0,BFPD*(1-BSW/100)) -> 51.012 | AO83: 53000 | AP83: Last W/O AUG-2024 (Pump and TBG Replacement). Start Up 16/08/2024. | BJ83: =+IF(E83="SI",0,AK83*AM83/100) -> 929.988 | CW83: KHALDA_WELL | CX83: =REPORTDATE-1 -> 46284 | CY83: =$CV$3&B83 -> 9WRZK-42 | CZ83: =J83 -> Open | DA83: =K83 -> 150 | DB83: =F83 -> 24 | DC83: =IF(DB83=0,"SI",E83) -> ESP | DF83: =O83 -> 150 | DG83: =AA83 -> 0 | DH83: =AB83 -> 0 | DI83: =AC83 -> 0 | DJ83: =AD83 -> 0 | DK83: =AE83 -> 29 | DN83: =AF83 -> 50 | DO83: =AI83 -> 51.012 | DP83: =IF(H83="","",H83) | DQ83: =AN83/24*HOURS -> 51.012 | DR83: =I83 -> 0 | DS83: =IF(OR(E83="SI",B83="",E83="T&A"),"",VLOOKUP(B83,WELL_FIELD,2)) -> WEST | DY83: =IF(B83="","","KHALDA_WELL") -> KHALDA_WELL | DZ83: =REPORTDATE-1 -> 46284 | EA83: =B83 -> WRZK-42 | EB83: =J83 -> Open | EC83: =K83 -> 150 | ED83: =F83 -> 24 | EE83: =IF(DB83=0,"SI",E83) -> ESP | EH83: =IF(H83="","",H83) | EI83: =AI83 -> 51.012 | EJ83: =V83 -> WE1500 | EK83: =G83 -> 0 | EN83: =AB83 -> 0 | EP83: =AC83 -> 0 | EQ83: =AE83 -> 29 | ET83: =AD83 -> 0 | EU83: =AF83 -> 50 | EW83: =W83 -> 0 | EX83: =X83 -> 0 | EY83: =Y83 -> 0 | EZ83: =Z83 -> 0 | FA83: =AP83 -> Last W/O AUG-2024 (Pump and TBG Replacement). Start Up 16/08/2024. | FB83: =IF(OR(E83="SI",B83="",E83="T&A"),"",VLOOKUP(B83,WELL_FIELD,2)) -> WEST
B84: WRZK-43 | C84: BAH/ARG | D84: ESP(SN2600) | E84: ESP | F84: 24 | G84: =IF(OR(WSTATUS="T&A",DTCAUSE="PUMP OFF MODE",DTCAUSE="UNDER LOAD"),0,BOPD/24*(24-HOURS)) -> 0 | J84: 128 | K84: 170 | L84: 140 | M84: 0 | N84: OP | O84: 155 | P84: 46252 | Q84: 3722 | R84: 100 | S84: 1696 | U84: 5603 | V84: B538-1500 | AE84: 24 | AF84: 50 | AG84: 34 | AH84: =IF(AG84="","",AE84/AG84*100) -> 70.588235 | AI84: =AN84/24*F84 -> 80.562 | AJ84: 46283 | AK84: 1389 | AM84: 94.2 | AN84: =IF(BFPD=0,0,BFPD*(1-BSW/100)) -> 80.562 | AO84: 52000 | AP84: Last W/O Apr-2024 (R/C),Started up the well 19/04/2024. | BJ84: =+IF(E84="SI",0,AK84*AM84/100) -> 1308.438 | CW84: KHALDA_WELL | CX84: =REPORTDATE-1 -> 46284 | CY84: =$CV$3&B84 -> 9WRZK-43 | CZ84: =J84 -> 128 | DA84: =K84 -> 170 | DB84: =F84 -> 24 | DC84: =IF(DB84=0,"SI",E84) -> ESP | DF84: =O84 -> 155 | DG84: =AA84 -> 0 | DH84: =AB84 -> 0 | DI84: =AC84 -> 0 | DJ84: =AD84 -> 0 | DK84: =AE84 -> 24 | DN84: =AF84 -> 50 | DO84: =AI84 -> 80.562 | DP84: =IF(H84="","",H84) | DQ84: =AN84/24*HOURS -> 80.562 | DR84: =I84 -> 0 | DS84: =IF(OR(E84="SI",B84="",E84="T&A"),"",VLOOKUP(B84,WELL_FIELD,2)) -> WEST | DY84: =IF(B84="","","KHALDA_WELL") -> KHALDA_WELL | DZ84: =REPORTDATE-1 -> 46284 | EA84: =B84 -> WRZK-43 | EB84: =J84 -> 128 | EC84: =K84 -> 170 | ED84: =F84 -> 24 | EE84: =IF(DB84=0,"SI",E84) -> ESP | EH84: =IF(H84="","",H84) | EI84: =AI84 -> 80.562 | EJ84: =V84 -> B538-1500 | EK84: =G84 -> 0 | EN84: =AB84 -> 0 | EP84: =AC84 -> 0 | EQ84: =AE84 -> 24 | ET84: =AD84 -> 0 | EU84: =AF84 -> 50 | EW84: =W84 -> 0 | EX84: =X84 -> 0 | EY84: =Y84 -> 0 | EZ84: =Z84 -> 0 | FA84: =AP84 -> Last W/O Apr-2024 (R/C),Started up the well 19/04/2024. | FB84: =IF(OR(E84="SI",B84="",E84="T&A"),"",VLOOKUP(B84,WELL_FIELD,2)) -> WEST
B85: WRZK-46 | C85: BAH | D85: ESP(GN1600) | E85: ESP | F85: 24 | G85: =IF(OR(WSTATUS="T&A",DTCAUSE="PUMP OFF MODE",DTCAUSE="UNDER LOAD"),0,BOPD/24*(24-HOURS)) -> 0 | I85: 35 | J85: 128 | K85: 140 | L85: 130 | M85: 0 | N85: OP | O85: 141 | P85: 46240 | Q85: 4745.93 | R85: 100 | S85: 801 | U85: 5547 | V85: DN1050 | AE85: 18 | AF85: 50 | AG85: 24.4 | AH85: =IF(AG85="","",AE85/AG85*100) -> 73.770492 | AI85: =AN85/24*F85 -> 131.338 | AJ85: 46282 | AK85: 677 | AM85: 80.6 | AN85: =IF(BFPD=0,0,BFPD*(1-BSW/100)) -> 131.338 | AO85: 51000 | AP85: Last W/O Feb-2023 (R/C T/UBAH) Started up the well 2/3/2023 | BJ85: =+IF(E85="SI",0,AK85*AM85/100) -> 545.662 | CW85: KHALDA_WELL | CX85: =REPORTDATE-1 -> 46284 | CY85: =$CV$3&B85 -> 9WRZK-46 | CZ85: =J85 -> 128 | DA85: =K85 -> 140 | DB85: =F85 -> 24 | DC85: =IF(DB85=0,"SI",E85) -> ESP | DF85: =O85 -> 141 | DG85: =AA85 -> 0 | DH85: =AB85 -> 0 | DI85: =AC85 -> 0 | DJ85: =AD85 -> 0 | DK85: =AE85 -> 18 | DN85: =AF85 -> 50 | DO85: =AI85 -> 131.338 | DP85: =IF(H85="","",H85) | DQ85: =AN85/24*HOURS -> 131.338 | DR85: =I85 -> 35 | DS85: =IF(OR(E85="SI",B85="",E85="T&A"),"",VLOOKUP(B85,WELL_FIELD,2)) -> WEST | DY85: =IF(B85="","","KHALDA_WELL") -> KHALDA_WELL | DZ85: =REPORTDATE-1 -> 46284 | EA85: =B85 -> WRZK-46 | EB85: =J85 -> 128 | EC85: =K85 -> 140 | ED85: =F85 -> 24 | EE85: =IF(DB85=0,"SI",E85) -> ESP | EH85: =IF(H85="","",H85) | EI85: =AI85 -> 131.338 | EJ85: =V85 -> DN1050 | EK85: =G85 -> 0 | EN85: =AB85 -> 0 | EP85: =AC85 -> 0 | EQ85: =AE85 -> 18 | ET85: =AD85 -> 0 | EU85: =AF85 -> 50 | EW85: =W85 -> 0 | EX85: =X85 -> 0 | EY85: =Y85 -> 0 | EZ85: =Z85 -> 0 | FA85: =AP85 -> Last W/O Feb-2023 (R/C T/UBAH) Started up the well 2/3/2023 | FB85: =IF(OR(E85="SI",B85="",E85="T&A"),"",VLOOKUP(B85,WELL_FIELD,2)) -> WEST
B86: WRZK-47 | C86: L/UBAH | D86: ESP(SN3600) | E86: SI | F86: 0 | G86: =IF(OR(WSTATUS="T&A",DTCAUSE="PUMP OFF MODE",DTCAUSE="UNDER LOAD"),0,BOPD/24*(24-HOURS)) -> 81.18 | I86: 0 | K86: 20 | M86: 0 | N86: CL | O86: 93 | P86: 46247 | R86: 100 | S86: 2656 | T86: 3791.63 | AH86: =IF(AG86="","",AE86/AG86*100) | AI86: =AN86/24*F86 -> 0 | AJ86: 46249 | AK86: 82 | AM86: 1 | AN86: =IF(BFPD=0,0,BFPD*(1-BSW/100)) -> 81.18 | AP86: Last W/O Nov-2025 (R/C, added UBAH intervals to existing LBAH) | BJ86: =+IF(E86="SI",0,AK86*AM86/100) -> 0 | CW86: KHALDA_WELL | CX86: =REPORTDATE-1 -> 46284 | CY86: =$CV$3&B86 -> 9WRZK-47 | CZ86: =J86 -> 0 | DA86: =K86 -> 20 | DB86: =F86 -> 0 | DC86: =IF(DB86=0,"SI",E86) -> SI | DF86: =O86 -> 93 | DG86: =AA86 -> 0 | DH86: =AB86 -> 0 | DI86: =AC86 -> 0 | DJ86: =AD86 -> 0 | DK86: =AE86 -> 0 | DN86: =AF86 -> 0 | DO86: =AI86 -> 0 | DP86: =IF(H86="","",H86) | DQ86: =AN86/24*HOURS -> 0 | DR86: =I86 -> 0 | DS86: =IF(OR(E86="SI",B86="",E86="T&A"),"",VLOOKUP(B86,WELL_FIELD,2)) | DY86: =IF(B86="","","KHALDA_WELL") -> KHALDA_WELL | DZ86: =REPORTDATE-1 -> 46284 | EA86: =B86 -> WRZK-47 | EB86: =J86 -> 0 | EC86: =K86 -> 20 | ED86: =F86 -> 0 | EE86: =IF(DB86=0,"SI",E86) -> SI | EH86: =IF(H86="","",H86) | EI86: =AI86 -> 0 | EJ86: =V86 -> 0 | EK86: =G86 -> 81.18 | EN86: =AB86 -> 0 | EP86: =AC86 -> 0 | EQ86: =AE86 -> 0 | ET86: =AD86 -> 0 | EU86: =AF86 -> 0 | EW86: =W86 -> 0 | EX86: =X86 -> 0 | EY86: =Y86 -> 0 | EZ86: =Z86 -> 0 | FA86: =AP86 -> Last W/O Nov-2025 (R/C, added UBAH intervals to existing LBAH) | FB86: =IF(OR(E86="SI",B86="",E86="T&A"),"",VLOOKUP(B86,WELL_FIELD,2))
B87: WRZK-49 | C87: LBAH | D87: ESP(SN3600) | E87: ESP | F87: 24 | G87: =IF(OR(WSTATUS="T&A",DTCAUSE="PUMP OFF MODE",DTCAUSE="UNDER LOAD"),0,BOPD/24*(24-HOURS)) -> 0 | I87: 0 | J87: Spool | K87: 140 | L87: 130 | N87: CL | O87: 172 | P87: 46212 | Q87: 3716 | R87: 100 | S87: 1999 | U87: 5716 | V87: 538-2600 | AE87: 55 | AF87: 50 | AG87: 73 | AH87: =IF(AG87="","",AE87/AG87*100) -> 75.342466 | AI87: =AN87/24*F87 -> 77.665 | AJ87: 46237 | AK87: 2219 | AM87: 96.5 | AN87: =IF(BFPD=0,0,BFPD*(1-BSW/100)) -> 77.665 | AO87: 47000 | AP87: Last W/O March-2023 (R/W , WSO) Started up the well 02/4/2023 | BJ87: =+IF(E87="SI",0,AK87*AM87/100) -> 2141.335 | CW87: KHALDA_WELL | CX87: =REPORTDATE-1 -> 46284 | CY87: =$CV$3&B87 -> 9WRZK-49 | CZ87: =J87 -> Spool | DA87: =K87 -> 140 | DB87: =F87 -> 24 | DC87: =IF(DB87=0,"SI",E87) -> ESP | DF87: =O87 -> 172 | DG87: =AA87 -> 0 | DH87: =AB87 -> 0 | DI87: =AC87 -> 0 | DJ87: =AD87 -> 0 | DK87: =AE87 -> 55 | DN87: =AF87 -> 50 | DO87: =AI87 -> 77.665 | DP87: =IF(H87="","",H87) | DQ87: =AN87/24*HOURS -> 77.665 | DR87: =I87 -> 0 | DS87: =IF(OR(E87="SI",B87="",E87="T&A"),"",VLOOKUP(B87,WELL_FIELD,2)) -> WEST | DY87: =IF(B87="","","KHALDA_WELL") -> KHALDA_WELL | DZ87: =REPORTDATE-1 -> 46284 | EA87: =B87 -> WRZK-49 | EB87: =J87 -> Spool | EC87: =K87 -> 140 | ED87: =F87 -> 24 | EE87: =IF(DB87=0,"SI",E87) -> ESP | EH87: =IF(H87="","",H87) | EI87: =AI87 -> 77.665 | EJ87: =V87 -> 538-2600 | EK87: =G87 -> 0 | EN87: =AB87 -> 0 | EP87: =AC87 -> 0 | EQ87: =AE87 -> 55 | ET87: =AD87 -> 0 | EU87: =AF87 -> 50 | EW87: =W87 -> 0 | EX87: =X87 -> 0 | EY87: =Y87 -> 0 | EZ87: =Z87 -> 0 | FA87: =AP87 -> Last W/O March-2023 (R/W , WSO) Started up the well 02/4/2023 | FB87: =IF(OR(E87="SI",B87="",E87="T&A"),"",VLOOKUP(B87,WELL_FIELD,2)) -> WEST
B88: WRZK-50 | C88: BAH | D88: ESP(GN1600) | E88: ESP | F88: 24 | G88: =IF(OR(WSTATUS="T&A",DTCAUSE="PUMP OFF MODE",DTCAUSE="UNDER LOAD"),0,BOPD/24*(24-HOURS)) -> 0 | I88: 25 | J88: 128 | K88: 110 | L88: 110 | M88: 0 | N88: OP | O88: 153 | P88: 46270 | Q88: 4230.96 | R88: 100 | S88: 1539 | U88: 5770 | V88: P31 | AE88: 56 | AF88: 50 | AG88: 88 | AH88: =IF(AG88="","",AE88/AG88*100) -> 63.636364 | AI88: =AN88/24*F88 -> 102.247 | AJ88: 46283 | AK88: 1733 | AM88: 94.1 | AN88: =IF(BFPD=0,0,BFPD*(1-BSW/100)) -> 102.247 | AO88: 51000 | AP88: Last W/O Sep-2021 (TBG & Pump replacement/upgrade) Started up the well on 26/09/2021 | BJ88: =+IF(E88="SI",0,AK88*AM88/100) -> 1630.753 | CW88: KHALDA_WELL | CX88: =REPORTDATE-1 -> 46284 | CY88: =$CV$3&B88 -> 9WRZK-50 | CZ88: =J88 -> 128 | DA88: =K88 -> 110 | DB88: =F88 -> 24 | DC88: =IF(DB88=0,"SI",E88) -> ESP | DF88: =O88 -> 153 | DG88: =AA88 -> 0 | DH88: =AB88 -> 0 | DI88: =AC88 -> 0 | DJ88: =AD88 -> 0 | DK88: =AE88 -> 56 | DN88: =AF88 -> 50 | DO88: =AI88 -> 102.247 | DP88: =IF(H88="","",H88) | DQ88: =AN88/24*HOURS -> 102.247 | DR88: =I88 -> 25 | DS88: =IF(OR(E88="SI",B88="",E88="T&A"),"",VLOOKUP(B88,WELL_FIELD,2)) -> WEST | DY88: =IF(B88="","","KHALDA_WELL") -> KHALDA_WELL | DZ88: =REPORTDATE-1 -> 46284 | EA88: =B88 -> WRZK-50 | EB88: =J88 -> 128 | EC88: =K88 -> 110 | ED88: =F88 -> 24 | EE88: =IF(DB88=0,"SI",E88) -> ESP | EH88: =IF(H88="","",H88) | EI88: =AI88 -> 102.247 | EJ88: =V88 -> P31 | EK88: =G88 -> 0 | EN88: =AB88 -> 0 | EP88: =AC88 -> 0 | EQ88: =AE88 -> 56 | ET88: =AD88 -> 0 | EU88: =AF88 -> 50 | EW88: =W88 -> 0 | EX88: =X88 -> 0 | EY88: =Y88 -> 0 | EZ88: =Z88 -> 0 | FA88: =AP88 -> Last W/O Sep-2021 (TBG & Pump replacement/upgrade) Started up the well on 26/09/2021 | FB88: =IF(OR(E88="SI",B88="",E88="T&A"),"",VLOOKUP(B88,WELL_FIELD,2)) -> WEST
B89: WRZK-55ST1 | C89: ARG | D89: ESP(GN2100) | E89: ESP | F89: 22 | G89: =IF(OR(WSTATUS="T&A",DTCAUSE="PUMP OFF MODE",DTCAUSE="UNDER LOAD"),0,BOPD/24*(24-HOURS)) -> 5.15125 | H89: Flowline Failure | I89: 50 | J89: Spool | K89: 200 | L89: 190 | M89: 0 | N89: CL | O89: 128 | P89: 46268 | Q89: 3715.51 | R89: 95 | S89: 1998 | U89: 5824 | V89: GN1600 | AE89: 25 | AF89: 50 | AG89: 36.7 | AH89: =IF(AG89="","",AE89/AG89*100) -> 68.119891 | AI89: =AN89/24*F89 -> 56.66375 | AJ89: 46257 | AK89: 951 | AM89: 93.5 | AN89: =IF(BFPD=0,0,BFPD*(1-BSW/100)) -> 61.815 | AO89: 57000 | AP89: Last W/O June-2023 (ESP upgrade) Started up the well on 20/6/2023 | BJ89: =+IF(E89="SI",0,AK89*AM89/100) -> 889.185 | CW89: KHALDA_WELL | CX89: =REPORTDATE-1 -> 46284 | CY89: =$CV$3&B89 -> 9WRZK-55ST1 | CZ89: =J89 -> Spool | DA89: =K89 -> 200 | DB89: =F89 -> 22 | DC89: =IF(DB89=0,"SI",E89) -> ESP | DF89: =O89 -> 128 | DG89: =AA89 -> 0 | DH89: =AB89 -> 0 | DI89: =AC89 -> 0 | DJ89: =AD89 -> 0 | DK89: =AE89 -> 25 | DN89: =AF89 -> 50 | DO89: =AI89 -> 56.66375 | DP89: =IF(H89="","",H89) -> Flowline Failure | DQ89: =AN89/24*HOURS -> 56.66375 | DR89: =I89 -> 50 | DS89: =IF(OR(E89="SI",B89="",E89="T&A"),"",VLOOKUP(B89,WELL_FIELD,2)) -> WEST | DY89: =IF(B89="","","KHALDA_WELL") -> KHALDA_WELL | DZ89: =REPORTDATE-1 -> 46284 | EA89: =B89 -> WRZK-55ST1 | EB89: =J89 -> Spool | EC89: =K89 -> 200 | ED89: =F89 -> 22 | EE89: =IF(DB89=0,"SI",E89) -> ESP | EH89: =IF(H89="","",H89) -> Flowline Failure | EI89: =AI89 -> 56.66375 | EJ89: =V89 -> GN1600 | EK89: =G89 -> 5.15125 | EN89: =AB89 -> 0 | EP89: =AC89 -> 0 | EQ89: =AE89 -> 25 | ET89: =AD89 -> 0 | EU89: =AF89 -> 50 | EW89: =W89 -> 0 | EX89: =X89 -> 0 | EY89: =Y89 -> 0 | EZ89: =Z89 -> 0 | FA89: =AP89 -> Last W/O June-2023 (ESP upgrade) Started up the well on 20/6/2023 | FB89: =IF(OR(E89="SI",B89="",E89="T&A"),"",VLOOKUP(B89,WELL_FIELD,2)) -> WEST
B90: WRZK-56A | C90: BAH | D90: SRP | E90: ESP | F90: 24 | G90: =IF(OR(WSTATUS="T&A",DTCAUSE="PUMP OFF MODE",DTCAUSE="UNDER LOAD"),0,BOPD/24*(24-HOURS)) -> 0 | J90: Spool | K90: 175 | L90: 170 | M90: 0 | N90: OP | O90: 157 | P90: 46240 | Q90: 3049.79 | R90: 100 | S90: 1344 | U90: 4594 | V90: 400-1700 | AE90: 28 | AF90: 50 | AG90: 44 | AH90: =IF(AG90="","",AE90/AG90*100) -> 63.636364 | AI90: =AN90/24*F90 -> 102.959 | AJ90: 46284 | AK90: 1382 | AM90: 92.55 | AN90: =IF(BFPD=0,0,BFPD*(1-BSW/100)) -> 102.959 | AO90: 49000 | AP90: Last W/O Dec-2023, On 18-12-2023 Started up after W/O (Replace SRP W/ESP) | BJ90: =+IF(E90="SI",0,AK90*AM90/100) -> 1279.041 | CW90: KHALDA_WELL | CX90: =REPORTDATE-1 -> 46284 | CY90: =$CV$3&B90 -> 9WRZK-56A | CZ90: =J90 -> Spool | DA90: =K90 -> 175 | DB90: =F90 -> 24 | DC90: =IF(DB90=0,"SI",E90) -> ESP | DF90: =O90 -> 157 | DG90: =AA90 -> 0 | DH90: =AB90 -> 0 | DI90: =AC90 -> 0 | DJ90: =AD90 -> 0 | DK90: =AE90 -> 28 | DN90: =AF90 -> 50 | DO90: =AI90 -> 102.959 | DP90: =IF(H90="","",H90) | DQ90: =AN90/24*HOURS -> 102.959 | DR90: =I90 -> 0 | DS90: =IF(OR(E90="SI",B90="",E90="T&A"),"",VLOOKUP(B90,WELL_FIELD,2)) -> WEST | DY90: =IF(B90="","","KHALDA_WELL") -> KHALDA_WELL | DZ90: =REPORTDATE-1 -> 46284 | EA90: =B90 -> WRZK-56A | EB90: =J90 -> Spool | EC90: =K90 -> 175 | ED90: =F90 -> 24 | EE90: =IF(DB90=0,"SI",E90) -> ESP | EH90: =IF(H90="","",H90) | EI90: =AI90 -> 102.959 | EJ90: =V90 -> 400-1700 | EK90: =G90 -> 0 | EN90: =AB90 -> 0 | EP90: =AC90 -> 0 | EQ90: =AE90 -> 28 | ET90: =AD90 -> 0 | EU90: =AF90 -> 50 | EW90: =W90 -> 0 | EX90: =X90 -> 0 | EY90: =Y90 -> 0 | EZ90: =Z90 -> 0 | FA90: =AP90 -> Last W/O Dec-2023, On 18-12-2023 Started up after W/O (Replace SRP W/ESP) | FB90: =IF(OR(E90="SI",B90="",E90="T&A"),"",VLOOKUP(B90,WELL_FIELD,2)) -> WEST
B91: WRZK-59 | C91: BAH | D91: ESP(SN2600) | E91: ESP | F91: 24 | G91: =IF(OR(WSTATUS="T&A",DTCAUSE="PUMP OFF MODE",DTCAUSE="UNDER LOAD"),0,BOPD/24*(24-HOURS)) -> 0 | I91: 23 | J91: Spool | K91: 150 | L91: 140 | M91: 0 | N91: OP | O91: 152 | P91: 46269 | Q91: 4639.17 | R91: 100 | S91: 901 | U91: 5544 | V91: GN1600 | AE91: 39 | AF91: 55 | AG91: 47.5 | AH91: =IF(AG91="","",AE91/AG91*100) -> 82.105263 | AI91: =AN91/24*F91 -> 212.81 | AJ91: 46280 | AK91: 1637 | AM91: 87 | AN91: =IF(BFPD=0,0,BFPD*(1-BSW/100)) -> 212.81 | AO91: 52000 | AP91: Last W/O Aug-2023 (R/C) Started up the well on 22/9/2023 | BJ91: =+IF(E91="SI",0,AK91*AM91/100) -> 1424.19 | CW91: KHALDA_WELL | CX91: =REPORTDATE-1 -> 46284 | CY91: =$CV$3&B91 -> 9WRZK-59 | CZ91: =J91 -> Spool | DA91: =K91 -> 150 | DB91: =F91 -> 24 | DC91: =IF(DB91=0,"SI",E91) -> ESP | DF91: =O91 -> 152 | DG91: =AA91 -> 0 | DH91: =AB91 -> 0 | DI91: =AC91 -> 0 | DJ91: =AD91 -> 0 | DK91: =AE91 -> 39 | DN91: =AF91 -> 55 | DO91: =AI91 -> 212.81 | DP91: =IF(H91="","",H91) | DQ91: =AN91/24*HOURS -> 212.81 | DR91: =I91 -> 23 | DS91: =IF(OR(E91="SI",B91="",E91="T&A"),"",VLOOKUP(B91,WELL_FIELD,2)) -> WEST | DY91: =IF(B91="","","KHALDA_WELL") -> KHALDA_WELL | DZ91: =REPORTDATE-1 -> 46284 | EA91: =B91 -> WRZK-59 | EB91: =J91 -> Spool | EC91: =K91 -> 150 | ED91: =F91 -> 24 | EE91: =IF(DB91=0,"SI",E91) -> ESP | EH91: =IF(H91="","",H91) | EI91: =AI91 -> 212.81 | EJ91: =V91 -> GN1600 | EK91: =G91 -> 0 | EN91: =AB91 -> 0 | EP91: =AC91 -> 0 | EQ91: =AE91 -> 39 | ET91: =AD91 -> 0 | EU91: =AF91 -> 55 | EW91: =W91 -> 0 | EX91: =X91 -> 0 | EY91: =Y91 -> 0 | EZ91: =Z91 -> 0 | FA91: =AP91 -> Last W/O Aug-2023 (R/C) Started up the well on 22/9/2023 | FB91: =IF(OR(E91="SI",B91="",E91="T&A"),"",VLOOKUP(B91,WELL_FIELD,2)) -> WEST
B92: WRZK-60 | C92: ARG | D92: SRP | E92: SI | F92: 0 | G92: =IF(OR(WSTATUS="T&A",DTCAUSE="PUMP OFF MODE",DTCAUSE="UNDER LOAD"),0,BOPD/24*(24-HOURS)) -> 0 | M92: 0 | P92: 45914 | R92: 100 | S92: 4198 | T92: 1612 | U92: 5810 | V92: 1.5 | AA92: C-640 | AH92: =IF(AG92="","",AE92/AG92*100) | AI92: =AN92/24*F92 -> 0 | AN92: =IF(BFPD=0,0,BFPD*(1-BSW/100)) -> 0 | AP92: S/D on 27-06-2024 due to DHP Last W/O Sep-2019 (SRPR) | BJ92: =+IF(E92="SI",0,AK92*AM92/100) -> 0 | CW92: KHALDA_WELL | CX92: =REPORTDATE-1 -> 46284 | CY92: =$CV$3&B92 -> 9WRZK-60 | CZ92: =J92 -> 0 | DA92: =K92 -> 0 | DB92: =F92 -> 0 | DC92: =IF(DB92=0,"SI",E92) -> SI | DF92: =O92 -> 0 | DG92: =AA92 -> C-640 | DH92: =AB92 -> 0 | DI92: =AC92 -> 0 | DJ92: =AD92 -> 0 | DK92: =AE92 -> 0 | DN92: =AF92 -> 0 | DO92: =AI92 -> 0 | DP92: =IF(H92="","",H92) | DQ92: =AN92/24*HOURS -> 0 | DR92: =I92 -> 0 | DS92: =IF(OR(E92="SI",B92="",E92="T&A"),"",VLOOKUP(B92,WELL_FIELD,2)) | DY92: =IF(B92="","","KHALDA_WELL") -> KHALDA_WELL | DZ92: =REPORTDATE-1 -> 46284 | EA92: =B92 -> WRZK-60 | EB92: =J92 -> 0 | EC92: =K92 -> 0 | ED92: =F92 -> 0 | EE92: =IF(DB92=0,"SI",E92) -> SI | EH92: =IF(H92="","",H92) | EI92: =AI92 -> 0 | EJ92: =V92 -> 1.5 | EK92: =G92 -> 0 | EN92: =AB92 -> 0 | EP92: =AC92 -> 0 | EQ92: =AE92 -> 0 | ET92: =AD92 -> 0 | EU92: =AF92 -> 0 | EW92: =W92 -> 0 | EX92: =X92 -> 0 | EY92: =Y92 -> 0 | EZ92: =Z92 -> 0 | FA92: =AP92 -> S/D on 27-06-2024 due to DHP Last W/O Sep-2019 (SRPR) | FB92: =IF(OR(E92="SI",B92="",E92="T&A"),"",VLOOKUP(B92,WELL_FIELD,2))
B93: WRZK-65 | C93: ARG | D93: SRP | E93: SI | F93: 0 | G93: =IF(OR(WSTATUS="T&A",DTCAUSE="PUMP OFF MODE",DTCAUSE="UNDER LOAD"),0,BOPD/24*(24-HOURS)) -> 19.209 | I93: 90 | J93: Spool | K93: 140 | L93: 140 | M93: 0 | N93: OP | O93: 151 | P93: 46186 | R93: 100 | S93: 4235 | T93: 1583.48 | U93: 5850 | V93: Borets 338-1200 | AE93: 23 | AF93: 50 | AG93: 25.6 | AH93: =IF(AG93="","",AE93/AG93*100) -> 89.84375 | AI93: =AN93/24*F93 -> 0 | AJ93: 45973 | AK93: 674 | AM93: 97.15 | AN93: =IF(BFPD=0,0,BFPD*(1-BSW/100)) -> 19.209 | AO93: 55000 | AP93: Last W/O Feb-2017 (Replace SRP W/ESP), Started up the well on 16-2-2017 | BJ93: =+IF(E93="SI",0,AK93*AM93/100) -> 0 | CW93: KHALDA_WELL | CX93: =REPORTDATE-1 -> 46284 | CY93: =$CV$3&B93 -> 9WRZK-65 | CZ93: =J93 -> Spool | DA93: =K93 -> 140 | DB93: =F93 -> 0 | DC93: =IF(DB93=0,"SI",E93) -> SI | DF93: =O93 -> 151 | DG93: =AA93 -> 0 | DH93: =AB93 -> 0 | DI93: =AC93 -> 0 | DJ93: =AD93 -> 0 | DK93: =AE93 -> 23 | DN93: =AF93 -> 50 | DO93: =AI93 -> 0 | DP93: =IF(H93="","",H93) | DQ93: =AN93/24*HOURS -> 0 | DR93: =I93 -> 90 | DS93: =IF(OR(E93="SI",B93="",E93="T&A"),"",VLOOKUP(B93,WELL_FIELD,2)) | DY93: =IF(B93="","","KHALDA_WELL") -> KHALDA_WELL | DZ93: =REPORTDATE-1 -> 46284 | EA93: =B93 -> WRZK-65 | EB93: =J93 -> Spool | EC93: =K93 -> 140 | ED93: =F93 -> 0 | EE93: =IF(DB93=0,"SI",E93) -> SI | EH93: =IF(H93="","",H93) | EI93: =AI93 -> 0 | EJ93: =V93 -> Borets 338-1200 | EK93: =G93 -> 19.209 | EN93: =AB93 -> 0 | EP93: =AC93 -> 0 | EQ93: =AE93 -> 23 | ET93: =AD93 -> 0 | EU93: =AF93 -> 50 | EW93: =W93 -> 0 | EX93: =X93 -> 0 | EY93: =Y93 -> 0 | EZ93: =Z93 -> 0 | FA93: =AP93 -> Last W/O Feb-2017 (Replace SRP W/ESP), Started up the well on 16-2-2017 | FB93: =IF(OR(E93="SI",B93="",E93="T&A"),"",VLOOKUP(B93,WELL_FIELD,2))
B94: WRZK-66 | C94: BAH/ARG | D94: SRP | E94: SRP | F94: 24 | G94: =IF(OR(WSTATUS="T&A",DTCAUSE="PUMP OFF MODE",DTCAUSE="UNDER LOAD"),0,BOPD/24*(24-HOURS)) -> 0 | I94: 560 | J94: Spool | K94: 150 | L94: 160 | N94: OP | O94: 97 | P94: 46269 | Q94: 4416.8 | R94: 100 | S94: 764 | U94: 5159 | V94: 1.75 | W94: 100 | X94: 125 | Y94: 94 | Z94: 80 | AA94: C-640 | AB94: 7.6 | AC94: 146 | AD94: 950 | AH94: =IF(AG94="","",AE94/AG94*100) | AI94: =AN94/24*F94 -> 27.216 | AJ94: 46163 | AK94: 336 | AM94: 91.9 | AN94: =IF(BFPD=0,0,BFPD*(1-BSW/100)) -> 27.216 | AO94: 54000 | AP94: Last W/O May-2025 (SRPR) Started up the well on 06/05/2025 | BJ94: =+IF(E94="SI",0,AK94*AM94/100) -> 308.784 | CW94: KHALDA_WELL | CX94: =REPORTDATE-1 -> 46284 | CY94: =$CV$3&B94 -> 9WRZK-66 | CZ94: =J94 -> Spool | DA94: =K94 -> 150 | DB94: =F94 -> 24 | DC94: =IF(DB94=0,"SI",E94) -> SRP | DF94: =O94 -> 97 | DG94: =AA94 -> C-640 | DH94: =AB94 -> 7.6 | DI94: =AC94 -> 146 | DJ94: =AD94 -> 950 | DK94: =AE94 -> 0 | DN94: =AF94 -> 0 | DO94: =AI94 -> 27.216 | DP94: =IF(H94="","",H94) | DQ94: =AN94/24*HOURS -> 27.216 | DR94: =I94 -> 560 | DS94: =IF(OR(E94="SI",B94="",E94="T&A"),"",VLOOKUP(B94,WELL_FIELD,2)) -> WEST | DY94: =IF(B94="","","KHALDA_WELL") -> KHALDA_WELL | DZ94: =REPORTDATE-1 -> 46284 | EA94: =B94 -> WRZK-66 | EB94: =J94 -> Spool | EC94: =K94 -> 150 | ED94: =F94 -> 24 | EE94: =IF(DB94=0,"SI",E94) -> SRP | EH94: =IF(H94="","",H94) | EI94: =AI94 -> 27.216 | EJ94: =V94 -> 1.75 | EK94: =G94 -> 0 | EN94: =AB94 -> 7.6 | EP94: =AC94 -> 146 | EQ94: =AE94 -> 0 | ET94: =AD94 -> 950 | EU94: =AF94 -> 0 | EW94: =W94 -> 100 | EX94: =X94 -> 125 | EY94: =Y94 -> 94 | EZ94: =Z94 -> 80 | FA94: =AP94 -> Last W/O May-2025 (SRPR) Started up the well on 06/05/2025 | FB94: =IF(OR(E94="SI",B94="",E94="T&A"),"",VLOOKUP(B94,WELL_FIELD,2)) -> WEST
B95: WRZK-67 | C95: ARG | D95: ESP(DN1150) | E95: SI | F95: 0 | G95: =IF(OR(WSTATUS="T&A",DTCAUSE="PUMP OFF MODE",DTCAUSE="UNDER LOAD"),0,BOPD/24*(24-HOURS)) -> 0 | M95: 70 | AI95: =AN95/24*F95 -> 0 | AN95: =IF(BFPD=0,0,BFPD*(1-BSW/100)) -> 0 | AP95: S/I on 28/2/2020 due to DHP, fishing operations. Opened on 11/05/2020 F/CSG side T/Oil Truck | BJ95: =+IF(E95="SI",0,AK95*AM95/100) -> 0 | CW95: KHALDA_WELL | CX95: =REPORTDATE-1 -> 46284 | CY95: =$CV$3&B95 -> 9WRZK-67 | CZ95: =J95 -> 0 | DA95: =K95 -> 0 | DB95: =F95 -> 0 | DC95: =IF(DB95=0,"SI",E95) -> SI | DF95: =O95 -> 0 | DG95: =AA95 -> 0 | DH95: =AB95 -> 0 | DI95: =AC95 -> 0 | DJ95: =AD95 -> 0 | DK95: =AE95 -> 0 | DN95: =AF95 -> 0 | DO95: =AI95 -> 0 | DP95: =IF(H95="","",H95) | DQ95: =AN95/24*HOURS -> 0 | DR95: =I95 -> 0 | DS95: =IF(OR(E95="SI",B95="",E95="T&A"),"",VLOOKUP(B95,WELL_FIELD,2)) | DY95: =IF(B95="","","KHALDA_WELL") -> KHALDA_WELL | DZ95: =REPORTDATE-1 -> 46284 | EA95: =B95 -> WRZK-67 | EB95: =J95 -> 0 | EC95: =K95 -> 0 | ED95: =F95 -> 0 | EE95: =IF(DB95=0,"SI",E95) -> SI | EH95: =IF(H95="","",H95) | EI95: =AI95 -> 0 | EJ95: =V95 -> 0 | EK95: =G95 -> 0 | EN95: =AB95 -> 0 | EP95: =AC95 -> 0 | EQ95: =AE95 -> 0 | ET95: =AD95 -> 0 | EU95: =AF95 -> 0 | EW95: =W95 -> 0 | EX95: =X95 -> 0 | EY95: =Y95 -> 0 | EZ95: =Z95 -> 0 | FA95: =AP95 -> S/I on 28/2/2020 due to DHP, fishing operations. Opened on 11/05/2020 F/CSG side T/Oil Truck | FB95: =IF(OR(E95="SI",B95="",E95="T&A"),"",VLOOKUP(B95,WELL_FIELD,2))
B96: WRZK-71 | C96: LBAH | D96: ESP(SN3600) | E96: SRP | F96: 24 | G96: =IF(OR(WSTATUS="T&A",DTCAUSE="PUMP OFF MODE",DTCAUSE="UNDER LOAD"),0,BOPD/24*(24-HOURS)) -> 0 | I96: 0 | J96: Spool | K96: 160 | L96: 140 | M96: 0 | N96: OP | O96: 128 | P96: 46269 | Q96: 4148.81 | R96: 100 | S96: 843 | U96: 4992 | V96: 2.25 | W96: 100 | X96: 453 | Y96: 93 | Z96: 80 | AA96: C-912 | AB96: 6 | AC96: 168 | AD96: 950 | AH96: =IF(AG96="","",AE96/AG96*100) | AI96: =AN96/24*F96 -> 173.072 | AJ96: 46282 | AK96: 464 | AM96: 62.7 | AN96: =IF(BFPD=0,0,BFPD*(1-BSW/100)) -> 173.072 | AO96: 51000 | AP96: On 22-04-2025: Started-up the well. Last W/O April-2025 (SRPR). | BJ96: =+IF(E96="SI",0,AK96*AM96/100) -> 290.928 | CW96: KHALDA_WELL | CX96: =REPORTDATE-1 -> 46284 | CY96: =$CV$3&B96 -> 9WRZK-71 | CZ96: =J96 -> Spool | DA96: =K96 -> 160 | DB96: =F96 -> 24 | DC96: =IF(DB96=0,"SI",E96) -> SRP | DF96: =O96 -> 128 | DG96: =AA96 -> C-912 | DH96: =AB96 -> 6 | DI96: =AC96 -> 168 | DJ96: =AD96 -> 950 | DK96: =AE96 -> 0 | DN96: =AF96 -> 0 | DO96: =AI96 -> 173.072 | DP96: =IF(H96="","",H96) | DQ96: =AN96/24*HOURS -> 173.072 | DR96: =I96 -> 0 | DS96: =IF(OR(E96="SI",B96="",E96="T&A"),"",VLOOKUP(B96,WELL_FIELD,2)) -> WEST | DY96: =IF(B96="","","KHALDA_WELL") -> KHALDA_WELL | DZ96: =REPORTDATE-1 -> 46284 | EA96: =B96 -> WRZK-71 | EB96: =J96 -> Spool | EC96: =K96 -> 160 | ED96: =F96 -> 24 | EE96: =IF(DB96=0,"SI",E96) -> SRP | EH96: =IF(H96="","",H96) | EI96: =AI96 -> 173.072 | EJ96: =V96 -> 2.25 | EK96: =G96 -> 0 | EN96: =AB96 -> 6 | EP96: =AC96 -> 168 | EQ96: =AE96 -> 0 | ET96: =AD96 -> 950 | EU96: =AF96 -> 0 | EW96: =W96 -> 100 | EX96: =X96 -> 453 | EY96: =Y96 -> 93 | EZ96: =Z96 -> 80 | FA96: =AP96 -> On 22-04-2025: Started-up the well. Last W/O April-2025 (SRPR). | FB96: =IF(OR(E96="SI",B96="",E96="T&A"),"",VLOOKUP(B96,WELL_FIELD,2)) -> WEST
B97: WRZK-81 | C97: BAH/ARG | D97: ESP(DN1150) | E97: ESP | F97: 24 | G97: =IF(OR(WSTATUS="T&A",DTCAUSE="PUMP OFF MODE",DTCAUSE="UNDER LOAD"),0,BOPD/24*(24-HOURS)) -> 0 | I97: 0 | J97: Spool | K97: 180 | L97: 140 | M97: 0 | N97: OP | O97: 145 | P97: 46270 | Q97: 3959.68 | R97: 100 | S97: 1579 | U97: 5539 | V97: FLEX-10 | AE97: 18 | AF97: 50 | AG97: 31 | AH97: =IF(AG97="","",AE97/AG97*100) -> 58.064516 | AI97: =AN97/24*F97 -> 30.141 | AJ97: 46159 | AK97: 591 | AM97: 94.9 | AN97: =IF(BFPD=0,0,BFPD*(1-BSW/100)) -> 30.141 | AO97: 66000 | AP97: Last W/O Dec-2023 (TBG & P/R), Started up the well on 11-12-2023 | BJ97: =+IF(E97="SI",0,AK97*AM97/100) -> 560.859 | CW97: KHALDA_WELL | CX97: =REPORTDATE-1 -> 46284 | CY97: =$CV$3&B97 -> 9WRZK-81 | CZ97: =J97 -> Spool | DA97: =K97 -> 180 | DB97: =F97 -> 24 | DC97: =IF(DB97=0,"SI",E97) -> ESP | DF97: =O97 -> 145 | DG97: =AA97 -> 0 | DH97: =AB97 -> 0 | DI97: =AC97 -> 0 | DJ97: =AD97 -> 0 | DK97: =AE97 -> 18 | DN97: =AF97 -> 50 | DO97: =AI97 -> 30.141 | DP97: =IF(H97="","",H97) | DQ97: =AN97/24*HOURS -> 30.141 | DR97: =I97 -> 0 | DS97: =IF(OR(E97="SI",B97="",E97="T&A"),"",VLOOKUP(B97,WELL_FIELD,2)) -> WEST | DY97: =IF(B97="","","KHALDA_WELL") -> KHALDA_WELL | DZ97: =REPORTDATE-1 -> 46284 | EA97: =B97 -> WRZK-81 | EB97: =J97 -> Spool | EC97: =K97 -> 180 | ED97: =F97 -> 24 | EE97: =IF(DB97=0,"SI",E97) -> ESP | EH97: =IF(H97="","",H97) | EI97: =AI97 -> 30.141 | EJ97: =V97 -> FLEX-10 | EK97: =G97 -> 0 | EN97: =AB97 -> 0 | EP97: =AC97 -> 0 | EQ97: =AE97 -> 18 | ET97: =AD97 -> 0 | EU97: =AF97 -> 50 | EW97: =W97 -> 0 | EX97: =X97 -> 0 | EY97: =Y97 -> 0 | EZ97: =Z97 -> 0 | FA97: =AP97 -> Last W/O Dec-2023 (TBG & P/R), Started up the well on 11-12-2023 | FB97: =IF(OR(E97="SI",B97="",E97="T&A"),"",VLOOKUP(B97,WELL_FIELD,2)) -> WEST
B98: WRZK-82 | C98: BAH/ARG | D98: ESP(GN1600) | E98: ESP | F98: 24 | G98: =IF(OR(WSTATUS="T&A",DTCAUSE="PUMP OFF MODE",DTCAUSE="UNDER LOAD"),0,BOPD/24*(24-HOURS)) -> 0 | I98: 35 | J98: Spool | K98: 120 | L98: 110 | M98: 0 | N98: OP | O98: 135 | P98: 46273 | Q98: 4042 | R98: 100 | S98: 1533 | U98: 5613 | V98: WE1500 | AE98: 22 | AF98: 50 | AG98: 44 | AH98: =IF(AG98="","",AE98/AG98*100) -> 50 | AI98: =AN98/24*F98 -> 38.475 | AJ98: 46237 | AK98: 675 | AM98: 94.3 | AN98: =IF(BFPD=0,0,BFPD*(1-BSW/100)) -> 38.475 | AO98: 52000 | AP98: Started up on 30-04-2024 Last W/O April-2024 (add perf., TBG & P/R). | BJ98: =+IF(E98="SI",0,AK98*AM98/100) -> 636.525 | CW98: KHALDA_WELL | CX98: =REPORTDATE-1 -> 46284 | CY98: =$CV$3&B98 -> 9WRZK-82 | CZ98: =J98 -> Spool | DA98: =K98 -> 120 | DB98: =F98 -> 24 | DC98: =IF(DB98=0,"SI",E98) -> ESP | DF98: =O98 -> 135 | DG98: =AA98 -> 0 | DH98: =AB98 -> 0 | DI98: =AC98 -> 0 | DJ98: =AD98 -> 0 | DK98: =AE98 -> 22 | DN98: =AF98 -> 50 | DO98: =AI98 -> 38.475 | DP98: =IF(H98="","",H98) | DQ98: =AN98/24*HOURS -> 38.475 | DR98: =I98 -> 35 | DS98: =IF(OR(E98="SI",B98="",E98="T&A"),"",VLOOKUP(B98,WELL_FIELD,2)) -> WEST | DY98: =IF(B98="","","KHALDA_WELL") -> KHALDA_WELL | DZ98: =REPORTDATE-1 -> 46284 | EA98: =B98 -> WRZK-82 | EB98: =J98 -> Spool | EC98: =K98 -> 120 | ED98: =F98 -> 24 | EE98: =IF(DB98=0,"SI",E98) -> ESP | EH98: =IF(H98="","",H98) | EI98: =AI98 -> 38.475 | EJ98: =V98 -> WE1500 | EK98: =G98 -> 0 | EN98: =AB98 -> 0 | EP98: =AC98 -> 0 | EQ98: =AE98 -> 22 | ET98: =AD98 -> 0 | EU98: =AF98 -> 50 | EW98: =W98 -> 0 | EX98: =X98 -> 0 | EY98: =Y98 -> 0 | EZ98: =Z98 -> 0 | FA98: =AP98 -> Started up on 30-04-2024 Last W/O April-2024 (add perf., TBG & P/R). | FB98: =IF(OR(E98="SI",B98="",E98="T&A"),"",VLOOKUP(B98,WELL_FIELD,2)) -> WEST
B99: WRZK-83 | C99: ARG | D99: ESP(DN725) | E99: ESP | F99: 24 | G99: =IF(OR(WSTATUS="T&A",DTCAUSE="PUMP OFF MODE",DTCAUSE="UNDER LOAD"),0,BOPD/24*(24-HOURS)) -> 0 | J99: Spool | K99: 150 | L99: 100 | M99: 0 | N99: OP | O99: 105 | P99: 46270 | Q99: 4956.11 | R99: 97 | S99: 715 | U99: 5533 | V99: DN1050 | AE99: 17 | AF99: 50 | AG99: 24 | AH99: =IF(AG99="","",AE99/AG99*100) -> 70.833333 | AI99: =AN99/24*F99 -> 32.118 | AJ99: 46237 | AK99: 606 | AM99: 94.7 | AN99: =IF(BFPD=0,0,BFPD*(1-BSW/100)) -> 32.118 | AO99: 51000 | AP99: Last W/O May-2025 (ESPR), Started up the well on 22-05-2025. | BJ99: =+IF(E99="SI",0,AK99*AM99/100) -> 573.882 | CW99: KHALDA_WELL | CX99: =REPORTDATE-1 -> 46284 | CY99: =$CV$3&B99 -> 9WRZK-83 | CZ99: =J99 -> Spool | DA99: =K99 -> 150 | DB99: =F99 -> 24 | DC99: =IF(DB99=0,"SI",E99) -> ESP | DF99: =O99 -> 105 | DG99: =AA99 -> 0 | DH99: =AB99 -> 0 | DI99: =AC99 -> 0 | DJ99: =AD99 -> 0 | DK99: =AE99 -> 17 | DN99: =AF99 -> 50 | DO99: =AI99 -> 32.118 | DP99: =IF(H99="","",H99) | DQ99: =AN99/24*HOURS -> 32.118 | DR99: =I99 -> 0 | DS99: =IF(OR(E99="SI",B99="",E99="T&A"),"",VLOOKUP(B99,WELL_FIELD,2)) -> WEST | DY99: =IF(B99="","","KHALDA_WELL") -> KHALDA_WELL | DZ99: =REPORTDATE-1 -> 46284 | EA99: =B99 -> WRZK-83 | EB99: =J99 -> Spool | EC99: =K99 -> 150 | ED99: =F99 -> 24 | EE99: =IF(DB99=0,"SI",E99) -> ESP | EH99: =IF(H99="","",H99) | EI99: =AI99 -> 32.118 | EJ99: =V99 -> DN1050 | EK99: =G99 -> 0 | EN99: =AB99 -> 0 | EP99: =AC99 -> 0 | EQ99: =AE99 -> 17 | ET99: =AD99 -> 0 | EU99: =AF99 -> 50 | EW99: =W99 -> 0 | EX99: =X99 -> 0 | EY99: =Y99 -> 0 | EZ99: =Z99 -> 0 | FA99: =AP99 -> Last W/O May-2025 (ESPR), Started up the well on 22-05-2025. | FB99: =IF(OR(E99="SI",B99="",E99="T&A"),"",VLOOKUP(B99,WELL_FIELD,2)) -> WEST
B100: WRZK-95 | C100: BAH/ARG | D100: ESP(DN1150) | E100: ESP | F100: 24 | G100: =IF(OR(WSTATUS="T&A",DTCAUSE="PUMP OFF MODE",DTCAUSE="UNDER LOAD"),0,BOPD/24*(24-HOURS)) -> 0 | I100: 200 | J100: Open | K100: 190 | L100: 170 | M100: 0 | N100: OP | O100: 140 | P100: 46269 | Q100: 3974.72 | R100: 100 | S100: 1502 | U100: 5500 | V100: WE1500 | AE100: 19 | AF100: 50 | AG100: 31.5 | AH100: =IF(AG100="","",AE100/AG100*100) -> 60.31746 | AI100: =AN100/24*F100 -> 60.496 | AJ100: 46238 | AK100: 398 | AM100: 84.8 | AN100: =IF(BFPD=0,0,BFPD*(1-BSW/100)) -> 60.496 | AO100: 48000 | AP100: Last W/O APR-2025 (ESPR), Started up the well on 17-04-2025 | BJ100: =+IF(E100="SI",0,AK100*AM100/100) -> 337.504 | CW100: KHALDA_WELL | CX100: =REPORTDATE-1 -> 46284 | CY100: =$CV$3&B100 -> 9WRZK-95 | CZ100: =J100 -> Open | DA100: =K100 -> 190 | DB100: =F100 -> 24 | DC100: =IF(DB100=0,"SI",E100) -> ESP | DF100: =O100 -> 140 | DG100: =AA100 -> 0 | DH100: =AB100 -> 0 | DI100: =AC100 -> 0 | DJ100: =AD100 -> 0 | DK100: =AE100 -> 19 | DN100: =AF100 -> 50 | DO100: =AI100 -> 60.496 | DP100: =IF(H100="","",H100) | DQ100: =AN100/24*HOURS -> 60.496 | DR100: =I100 -> 200 | DS100: =IF(OR(E100="SI",B100="",E100="T&A"),"",VLOOKUP(B100,WELL_FIELD,2)) -> WEST | DY100: =IF(B100="","","KHALDA_WELL") -> KHALDA_WELL | DZ100: =REPORTDATE-1 -> 46284 | EA100: =B100 -> WRZK-95 | EB100: =J100 -> Open | EC100: =K100 -> 190 | ED100: =F100 -> 24 | EE100: =IF(DB100=0,"SI",E100) -> ESP | EH100: =IF(H100="","",H100) | EI100: =AI100 -> 60.496 | EJ100: =V100 -> WE1500 | EK100: =G100 -> 0 | EN100: =AB100 -> 0 | EP100: =AC100 -> 0 | EQ100: =AE100 -> 19 | ET100: =AD100 -> 0 | EU100: =AF100 -> 50 | EW100: =W100 -> 0 | EX100: =X100 -> 0 | EY100: =Y100 -> 0 | EZ100: =Z100 -> 0 | FA100: =AP100 -> Last W/O APR-2025 (ESPR), Started up the well on 17-04-2025 | FB100: =IF(OR(E100="SI",B100="",E100="T&A"),"",VLOOKUP(B100,WELL_FIELD,2)) -> WEST
...

Sheet WATER FLOOD WELLS
B1: WATER FLOOD WELL DATA | M1: =REPDATE -> 46285
